1,1,1,2,0.0198113806752727,0.00109364424379865
3,1,3,2,0.0406984899990161,0.0191165263961079
4,1,4,3,0.0580719994141152,0.0580719994141152
5,1,5,3,0.0601584429268033,0.0601584429268033
6,1,6,1,0.0629550813398007,0.00157491469783342
7,1,7,4,0.0412680567959999,0.0412680567959999
8,1,8,1,0.0224592022415338,1.39436269637829e-05
9,1,9,5,0.0480508253759437,0.0480508253759437
10,1,10,1,0.00962154569589386,2.84246524622021e-05
11,1,11,5,0.016555053869063,0.016555053869063
12,1,12,1,0.0452875362225087,8.06704285562348e-06
13,1,13,4,0.0527557502959745,0.0527557502959745
14,1,14,2,0.0604699213821998,0.0256178918770204
15,1,15,3,0.0521627463126194,0.0296014853580456
16,1,16,5,0.0437038643278111,0.0437038643278111
17,1,17,4,0.0877042909149001,0.0626471808653302
18,1,18,5,0.0582042185388457,0.0582042185388457
19,1,19,5,0.0406368294690625,0.0406368294690625
20,1,20,5,0.046034761813511,0.046034761813511
21,1,21,4,0.102640006433412,0.102640006433412
22,1,22,5,0.0341285974723194,0.0341285974723194
23,1,23,4,0.0146422144295873,0.0146422144295873
24,1,24,3,0.017923444605113,0.0106420963513654
25,1,25,1,0.0525099628808411,0.000518820048026345
26,1,26,3,0.0204455875798676,0.0204455875798676
27,1,27,4,0.0591980574675827,0.0591980574675827
28,1,28,5,0.0370233138737453,0.0370233138737453
29,1,29,3,0.0223994968574412,0.00738866327268311
30,1,30,2,0.016501876237037,0.00253158299897719
31,1,31,2,0.0469343547725174,0.00590012049338752
32,1,32,3,0.0582199839320966,0.0274316091116862
33,1,33,3,0.0254683864545299,0.00852363161951237
34,1,34,5,0.0595078838275732,0.0595078838275732
35,1,35,1,0.0390612680348432,9.52114161937864e-05
36,1,36,3,0.0605806395221573,0.0605806395221573
37,1,37,4,0.0269750472300764,0.0096849077554645
38,1,38,4,0.0710810171019665,0.0710810171019665
39,1,39,1,0.0311534783085127,0.000175666884953538
40,1,40,5,0.02233235189608,0.02233235189608
41,1,41,4,0.0709780678137506,0.0709780678137506
42,1,42,5,0.0753206692466043,0.0753206692466043
43,1,43,1,0.023931214663652,0.000865179035011383
44,1,44,3,0.0710541839822061,0.0451855283116339
45,1,45,4,0.0553500329803748,0.0553500329803748
46,1,46,2,0.0266144089009125,0.000374483562528899
47,1,47,2,0.027691152838756,0.010395342780684
48,1,48,2,0.0246344609042581,0.00158587757139315
49,1,49,4,0.0482292857039019,0.0482292857039019
51,1,51,4,0.0314298106016416,0.0314298106016416
52,1,52,2,0.0570998457800923,0.0151657936148395
53,1,53,4,0.0335057580169347,0.0335057580169347
54,1,54,2,0.0684923283218061,0.0127652134102301
55,1,55,4,0.0506678487241927,0.0506678487241927
56,1,56,4,0.015946565563761,0.015946565563761
57,1,57,2,0.0236451417313907,0.00283541428147726
58,1,58,3,0.0520632639663859,0.0315322274571933
59,1,59,2,0.0664143323430775,0.0124085196513951
60,1,60,3,0.0716223018578478,0.0716223018578478
61,1,61,1,0.0634055858882352,0.000352832636426309
63,1,63,1,0.0465196167880798,0.000233524049384265
64,1,64,3,0.0266816908512661,0.00525380963838225
65,1,65,5,0.0741689960272982,0.0741689960272982
66,1,66,2,0.0664886195433189,0.0172903582975297
67,1,67,5,0.0344093885598073,0.0344093885598073
68,1,68,1,0.0678017669170468,1.42257118505725e-05
69,1,69,1,0.0440248013442204,1.57658918962517e-05
70,1,70,2,0.014610972572813,0.00249764091522135
71,1,71,5,0.0396396047954554,0.0396396047954554
72,1,72,2,0.0422101631124432,0.00743066916656661
73,1,73,3,0.0194036628930579,0.0164194911469578
74,1,74,1,0.0656722732265205,0.00479957140840295
75,1,75,1,0.0372329295094019,9.71481227205167e-06
76,1,76,5,0.0798478429062375,0.0798478429062375
77,1,77,2,0.0958589780866593,0.0234819193206917
78,1,78,4,0.0132201725752733,0.0132201725752733
79,1,79,1,0.0196955655273014,1.46076584437516e-05
81,2,1,3,0.0764813214861366,0.0764813214861366
82,2,2,2,0.0784505645051471,0.0175627430851062
83,2,3,5,0.0702322481327298,0.0702322481327298
84,2,4,1,0.0310710445828328,0.000257248820971545
85,2,5,1,0.0280922646683935,0.000127520844732397
86,2,6,5,0.062936407893591,0.062936407893591
87,2,7,3,0.0454011059270859,0.0285656206676834
88,2,8,2,0.0179481259290951,0.00247224142005715
89,2,9,3,0.0554640542039442,0.0554640542039442
90,2,10,3,0.0570532681595181,0.0570532681595181
91,2,11,5,0.0590336619812164,0.0590336619812164
92,2,12,5,0.0466185194151291,0.0466185194151291
93,2,13,1,0.0352688484422886,0.00104250218464976
94,2,14,4,0.0565230411421669,0.0565230411421669
95,2,15,4,0.0530592403095206,0.0530592403095206
97,2,17,3,0.0506556156490568,0.0375779295219733
98,2,18,2,0.0583897248717883,0.0173103923842665
99,2,19,2,0.0613600186975693,0.0128765880889307
100,2,20,4,0.0651272411595594,0.0330480603856729
101,2,21,5,0.0276531119020942,0.0276531119020942
102,2,22,3,0.0929506546010434,0.0929506546010434
103,2,23,5,0.00989325747167786,0.00989325747167786
104,2,24,5,0.0715071160388468,0.0715071160388468
105,2,25,4,0.041224054728658,0.041224054728658
106,2,26,2,0.0538348583841906,0.00789497484461376
107,2,27,4,0.0496817071152842,0.0496817071152842
108,2,28,1,0.0389398029621666,0.00404476452094149
109,2,29,2,0.0756653780880592,0.0174887156205681
110,2,30,2,0.0401903305814121,0.00106233366821064
111,2,31,5,0.0405049455096673,0.0405049455096673
112,2,32,4,0.0597134942717057,0.0597134942717057
113,2,33,1,0.0511112241165711,0.00086852982328977
114,2,34,5,0.0433313955805643,0.0433313955805643
116,2,36,3,0.0525237729729589,0.0292269913674651
117,2,37,5,0.0479502263593357,0.0479502263593357
118,2,38,5,0.0391318824581764,0.0391318824581764
119,2,39,4,0.0214550167298563,0.0214550167298563
120,2,40,3,0.0350559950055515,0.0209424006739696
121,2,41,2,0.0550480384022095,0.0288985885167949
122,2,42,2,0.0317166714090836,0.0246452276899133
123,2,43,5,0.0640393991482766,0.0640393991482766
124,2,44,5,0.0479386244512759,0.0479386244512759
125,2,45,4,0.0588033277044978,0.0588033277044978
126,2,46,2,0.0520684374357655,0.00244555023287683
127,2,47,1,0.0235488561182377,0.0017950955619399
128,2,48,3,0.0131099268963321,0.00446796542964617
130,2,50,4,0.0734862611780366,0.0734862611780366
131,2,51,1,0.0346180675891958,0.000137713159835412
133,2,53,4,0.0560059058771596,0.0386484721620518
134,2,54,1,0.0396669054559362,7.8181573422801e-05
135,2,55,2,0.0727794111362602,0.0290417560595565
136,2,56,4,0.0556434152944331,0.0556434152944331
137,2,57,2,0.0530370491151833,0.0276665906296524
138,2,58,2,0.024253434115556,0.00177312432491472
139,2,59,2,0.0420990750545021,0.0173459306869111
140,2,60,1,0.0413462021845929,0.00117401668666153
141,2,61,1,0.0465102413712634,0.00242799792382673
142,2,62,3,0.0705445385104027,0.0402859590832594
143,2,63,1,0.034377686733501,0.00185401935828624
144,2,64,2,0.0518351450870269,0.0269546649935302
145,2,65,4,0.067490801568475,0.067490801568475
146,2,66,3,0.0745433000682454,0.0745433000682454
147,2,67,3,0.0729352526396127,0.0440378481948228
148,2,68,1,0.0360275197307183,0.000220142676770873
149,2,69,4,0.061441616729973,0.061441616729973
150,2,70,3,0.067939631906477,0.0451440212645403
151,2,71,4,0.0568058611013879,0.0568058611013879
152,2,72,5,0.0594539861343521,0.0594539861343521
153,2,73,5,0.053380781662777,0.053380781662777
154,2,74,4,0.0379383698861146,0.0234322639546829
155,2,75,3,0.0277078383123198,0.0111138926716108
157,2,77,1,0.0442363413345943,0.0013306851641692
158,2,78,5,0.0504770383300015,0.0504770383300015
159,2,79,3,0.0572756050041864,0.0344534121785264
160,2,80,3,0.0173474986674262,0.00523787745286792
161,3,1,1,0.0337729976861661,0.000387165323489439
162,3,2,1,0.0357543092420948,0.00100371465540233
163,3,3,1,0.0141635279937092,0.000145647568592037
164,3,4,2,0.0259629394984208,0.00131714740257799
165,3,5,1,0.0340865986249235,0.000162673231535942
166,3,6,5,0.0435022194548209,0.0435022194548209
167,3,7,5,0.0494650778734349,0.0494650778734349
168,3,8,1,0.0384179760448991,9.97212083158186e-06
169,3,9,1,0.0706054529413839,0.00194072953083762
170,3,10,4,0.0723174996927006,0.0723174996927006
171,3,11,2,0.0183319609323106,0.00640112174568003
172,3,12,4,0.0699284806333715,0.0699284806333715
173,3,13,2,0.0225352122807282,0.0105890322269447
174,3,14,4,0.0865629742438699,0.0865629742438699
175,3,15,4,0.0622174390870367,0.0622174390870367
177,3,17,4,0.00717146298313038,0.00717146298313038
178,3,18,4,0.0648028198277599,0.0648028198277599
179,3,19,4,0.0661770343929782,0.0661770343929782
180,3,20,1,0.0396270933214565,0.000427413331538353
181,3,21,1,0.0429199554303532,0.000641653620246323
182,3,22,5,0.043364191976941,0.043364191976941
183,3,23,5,0.0503056606150521,0.0503056606150521
184,3,24,2,0.0655221333049422,0.019607862524789
185,3,25,5,0.0550915534263045,0.0550915534263045
186,3,26,4,0.0595433329748601,0.0595433329748601
187,3,27,3,0.0662576034338392,0.0662576034338392
188,3,28,4,0.0485360822684983,0.0485360822684983
189,3,29,5,0.0408834500860115,0.0408834500860115
190,3,30,3,0.043998320659368,0.0161464940865384
191,3,31,1,0.0163878515081619,0.000913527349840107
192,3,32,2,0.0227243241008689,0.0051519295797957
193,3,33,3,0.0783145500150376,0.0783145500150376
194,3,34,1,0.0254578497123613,8.01979731527322e-05
195,3,35,1,0.0735974795616593,0.00101422301514633
196,3,36,5,0.0494346481425804,0.0494346481425804
197,3,37,5,0.0697056006372465,0.0697056006372465
198,3,38,4,0.0259071009006458,0.00674134534841794
199,3,39,4,0.0800722912102376,0.0800722912102376
200,3,40,3,0.0472489216146841,0.023596901423671
201,3,41,5,0.0396527492744851,0.0396527492744851
202,3,42,3,0.0753901577304157,0.0753901577304157
203,3,43,2,0.0468510754673348,0.00103673872612806
204,3,44,4,0.0493860131771304,0.0493860131771304
205,3,45,3,0.0202798753109941,0.00647168213066586
206,3,46,5,0.0327263761186679,0.0327263761186679
207,3,47,3,0.0392545228731519,0.0200394141881045
208,3,48,3,0.030245078075634,0.0180484148546702
209,3,49,3,0.0502492697093309,0.0317273869111878
210,3,50,2,0.0317492076018166,0.0224605812331563
211,3,51,3,0.0484858887959284,0.0218648878469271
212,3,52,1,0.0326633893387084,0.000102416740110891
213,3,53,4,0.0352807196608521,0.0352807196608521
214,3,54,5,0.0518718177703379,0.0518718177703379
215,3,55,5,0.0520933157862721,0.0520933157862721
216,3,56,4,0.0301177434737201,0.0301177434737201
217,3,57,2,0.0382081340770748,0.0018117175427089
218,3,58,3,0.0646948226836179,0.0431953389831659
219,3,59,2,0.0314704382911175,0.0163550291344215
220,3,60,2,0.0410973278850847,0.00337897108845212
221,3,61,2,0.0611165940280426,0.0182379744537649
222,3,62,5,0.0276235189946979,0.0276235189946979
223,3,63,2,0.0823835116550543,0.0315173144078493
224,3,64,2,0.0309793363574682,0.00127276066435986
225,3,65,2,0.0715859910282374,0.044445159044187
226,3,66,2,0.0314026957758295,0.021260031028733
227,3,67,1,0.0306810169911696,0.000153368286548553
228,3,68,3,0.0684122923847206,0.040706607057602
230,3,70,3,0.0572012232267669,0.0572012232267669
231,3,71,1,0.0338898004575141,9.10931287099606e-05
232,3,72,4,0.0429217543860766,0.0429217543860766
233,3,73,3,0.0408591242735223,0.0164691628466796
234,3,74,5,0.045131006185143,0.045131006185143
235,3,75,4,0.0753224594068374,0.0455158681082845
236,3,76,2,0.0438767853825056,0.0119176975615588
237,3,77,3,0.0687223010125279,0.0687223010125279
238,3,78,1,0.0250596415131584,3.32557023758318e-05
239,3,79,1,0.0663887300452484,0.0052410146410259
240,3,80,5,0.0592820423226673,0.0592820423226673
241,4,1,4,0.0545629518129019,0.0545629518129019
242,4,2,1,0.0319420533107772,9.90657894050599e-06
243,4,3,3,0.0574321339518544,0.0335483670424587
244,4,4,2,0.021856278426438,0.0016880138908706
245,4,5,4,0.0568431436550468,0.0328137055552709
246,4,6,4,0.0747420395054041,0.0423735968131493
247,4,7,4,0.0458513859467854,0.0458513859467854
248,4,8,5,0.0560441465300291,0.0560441465300291
249,4,9,1,0.0282672185734183,1.0399814466246e-05
250,4,10,5,0.0409676055501081,0.0409676055501081
251,4,11,2,0.0544681232978131,0.00575891496034741
252,4,12,2,0.0783314157791418,0.0529164192469113
253,4,13,5,0.0378906932336579,0.0378906932336579
254,4,14,2,0.0551477934899251,0.0304443538066889
255,4,15,5,0.05168276609283,0.05168276609283
256,4,16,4,0.00473294944244347,0.00473294944244347
257,4,17,4,0.0460103007040611,0.0460103007040611
258,4,18,3,0.0452791663622935,0.0381845510092466
259,4,19,1,0.052820523210587,0.00658221460615085
260,4,20,1,0.0341777048183923,0.00129626390588831
261,4,21,4,0.0364736838904225,0.0364736838904225
262,4,22,2,0.0174192210587071,0.0023556081587188
263,4,23,1,0.0758798220689244,0.000692698350177297
264,4,24,3,0.0596797719300135,0.0332578542001607
265,4,25,2,0.0670410630372933,0.0202295597385568
266,4,26,2,0.0451417923233927,0.00829052002250139
267,4,27,2,0.0223457183606736,0.000257188202127138
268,4,28,5,0.00755980048675895,0.00755980048675895
269,4,29,5,0.0413467670826839,0.0413467670826839
270,4,30,1,0.0403325720691693,9.92923791794002e-06
271,4,31,4,0.0372798806271195,0.0372798806271195
272,4,32,3,0.0582324863640803,0.0582324863640803
273,4,33,1,0.0600846095149615,6.12668002606093e-05
274,4,34,1,0.0899641919706857,0.0103887943452007
275,4,35,4,0.0566051943009593,0.0566051943009593
276,4,36,3,0.0728124664014177,0.0728124664014177
277,4,37,3,0.0645586197510379,0.0382848098869371
278,4,38,4,0.0500108008168155,0.0500108008168155
279,4,39,5,0.056632966487325,0.056632966487325
280,4,40,1,0.0218931740746321,0.000660326831972127
282,4,42,1,0.0353369759611517,7.87515114115896e-06
283,4,43,4,0.0234860023539187,0.0234860023539187
284,4,44,1,0.0121245729325887,7.70362975716818e-05
285,4,45,3,0.0394501526823365,0.00301495323000869
286,4,46,3,0.0797005724867007,0.0499464026411197
287,4,47,1,0.0277190145261429,0.000533436848102719
288,4,48,5,0.0733645453178345,0.0733645453178345
289,4,49,2,0.0385246894177961,0.00294242162698115
290,4,50,5,0.0275688716522812,0.0275688716522812
291,4,51,2,0.0356521020217893,0.00333901961440694
292,4,52,2,0.077351664377621,0.0235363676207692
293,4,53,4,0.0385123681315254,0.0135991061435614
294,4,54,3,0.0616048630628715,0.0401039187748778
295,4,55,4,0.0457649326238039,0.0457649326238039
296,4,56,3,0.0271572532548494,0.00287735968922111
297,4,57,2,0.0158373368597996,0.00175366831087211
298,4,58,5,0.0327654965647729,0.0327654965647729
299,4,59,1,0.0536903471855514,0.00248761084109843
300,4,60,3,0.0356812582554309,0.0260962982651911
301,4,61,3,0.0646499233934243,0.0471544672952971
302,4,62,2,0.0860472618221752,0.0214300494743894
303,4,63,5,0.075592485972482,0.075592485972482
304,4,64,1,0.0561007793811166,7.95189814339694e-05
305,4,65,4,0.0451794031756624,0.0451794031756624
306,4,66,5,0.0676959730046136,0.0676959730046136
307,4,67,5,0.0307840035061221,0.0307840035061221
308,4,68,5,0.0539948771708219,0.0539948771708219
309,4,69,3,0.0649663964333698,0.0649663964333698
310,4,70,2,0.0524379400996876,0.0309520444039395
311,4,71,4,0.0734894631314849,0.0734894631314849
312,4,72,3,0.0425039989705653,0.0425039989705653
313,4,73,3,0.0411526957743818,0.0411526957743818
314,4,74,3,0.0570011661491133,0.0570011661491133
315,4,75,2,0.0408327050904304,0.0113803885043508
316,4,76,1,0.0123233104368614,0.000807730525881576
317,4,77,1,0.0192328772678513,0.00102832812022365
318,4,78,5,0.0775684774828873,0.0775684774828873
319,4,79,4,0.0408525510637585,0.0234571010094763
320,4,80,2,0.0516069029234143,0.00980447796157552
321,5,1,1,0.0399805533864776,7.88767520559322e-05
322,5,2,5,0.0432470182095167,0.0432470182095167
323,5,3,3,0.0258335413443419,0.003694845014603
324,5,4,2,0.0576728202334305,0.027105871889175
325,5,5,1,0.0636840661880949,9.05511144018395e-05
326,5,6,1,0.0237935115109178,0.00030701547742997
327,5,7,5,0.0356804607538151,0.0356804607538151
328,5,8,4,0.0442203013954691,0.0442203013954691
329,5,9,3,0.0782543931318473,0.0782543931318473
330,5,10,4,0.0300299786682905,0.0125188158801452
331,5,11,5,0.0507507906413277,0.0507507906413277
332,5,12,1,0.0426934671986138,0.000269365037146064
333,5,13,3,0.0629966913773556,0.0629966913773556
334,5,14,1,0.0263827025820757,0.000225255082288447
335,5,15,3,0.0412242673718622,0.0224800693822872
336,5,16,5,0.0368562472080845,0.0368562472080845
337,5,17,3,0.0094875718154085,0.00284423479546148
338,5,18,4,0.0645096118642339,0.0645096118642339
339,5,19,2,0.0282583468738501,0.00146281145957441
340,5,20,4,0.0525147426205676,0.0525147426205676
341,5,21,4,0.0401357344419269,0.0192401913330589
342,5,22,5,0.0503054185417095,0.0503054185417095
343,5,23,4,0.02951179060141,0.02951179060141
344,5,24,2,0.0633713593098142,0.0316356632604436
345,5,25,4,0.0403724773555776,0.0403724773555776
346,5,26,1,0.033752908790164,0.000110873136867486
347,5,27,2,0.0683237641736894,0.0166599508410811
348,5,28,5,0.0476731772566418,0.0476731772566418
349,5,29,2,0.0804857324799851,0.0271434544168454
350,5,30,5,0.047411243018372,0.047411243018372
351,5,31,3,0.0419075124031683,0.035154771746909
352,5,32,2,0.0536849413762136,0.000647022271511382
353,5,33,4,0.0657799051436666,0.0657799051436666
354,5,34,4,0.0803461458806565,0.0803461458806565
355,5,35,1,0.0297704670671889,6.58930972927109e-05
356,5,36,1,0.0448753266163897,1.1506297121014e-05
357,5,37,1,0.036095864049114,0.000292851512039959
358,5,38,2,0.020048255702393,0.0018061285742467
359,5,39,2,0.0428433458652762,0.000692353821134476
360,5,40,5,0.0317299688590925,0.0317299688590925
361,5,41,4,0.060237955367358,0.060237955367358
362,5,42,1,0.014528584050213,0.000725138159679908
364,5,44,4,0.0316303512177126,0.0316303512177126
365,5,45,2,0.0403448831777002,0.0107271947986728
366,5,46,1,0.0421086018659148,0.00465966737632802
367,5,47,3,0.106631926497884,0.0257274426422203
368,5,48,2,0.0545922345516224,0.0145612481050497
369,5,49,3,0.0465562648177984,0.0271206449453502
370,5,50,4,0.0286928940107698,0.00636275888558775
371,5,51,5,0.0637001043352315,0.0637001043352315
373,5,53,5,0.0761906678125603,0.0761906678125603
374,5,54,4,0.0733163595657452,0.0733163595657452
375,5,55,1,0.0350357573261069,0.000952735762069614
376,5,56,4,0.0272225052351886,0.0272225052351886
377,5,57,1,0.0228880468422962,0.000403132462565662
378,5,58,3,0.0700024089385576,0.0700024089385576
379,5,59,3,0.0819937706245462,0.0446343726420145
380,5,60,3,0.0648309109570882,0.0648309109570882
381,5,61,3,0.0842757956325239,0.0842757956325239
382,5,62,2,0.042221924967996,0.00612893261948068
383,5,63,5,0.0399022475907694,0.0399022475907694
384,5,64,2,0.0201146717699361,0.00962639666268208
385,5,65,1,0.0396972766014299,0.000102987311876783
386,5,66,5,0.0254650907139923,0.0254650907139923
387,5,67,5,0.028923227148193,0.028923227148193
388,5,68,1,0.0352878576061582,0.000188829621595346
389,5,69,4,0.0484118891658787,0.0484118891658787
390,5,70,5,0.065518583533274,0.065518583533274
391,5,71,3,0.0177966132910293,0.00496756897992553
392,5,72,5,0.0443114935316095,0.0443114935316095
393,5,73,2,0.0517036815631619,0.00607754634120407
394,5,74,2,0.0568506719484959,0.000753885638152332
395,5,75,2,0.0752711493762415,0.0159876859366929
396,5,76,3,0.0592867267117747,0.0592867267117747
397,5,77,5,0.0572297453843452,0.0572297453843452
398,5,78,2,0.0565317985846423,0.0326634319382962
399,5,79,1,0.0256630268474734,0.000677306787061126
400,5,80,3,0.0292850841615211,0.0226133093534832
401,6,1,4,0.063316969131818,0.063316969131818
402,6,2,3,0.0588044173694461,0.0588044173694461
403,6,3,1,0.0554659684472573,0.000988946955348682
404,6,4,4,0.0755684104668917,0.0755684104668917
405,6,5,3,0.059527996112223,0.0292673273566965
406,6,6,1,0.0634251017618936,3.72924656858024e-05
407,6,7,2,0.0843908496041928,0.0615425421017697
408,6,8,5,0.0489840590513093,0.0489840590513093
409,6,9,1,0.0351461126137148,0.00189723384062756
411,6,11,4,0.0349171479904582,0.012107883317549
412,6,12,2,0.0140595761864448,0.0021099491990268
413,6,13,4,0.087114291447703,0.087114291447703
414,6,14,5,0.0346922312412726,0.0346922312412726
415,6,15,5,0.0493847264483024,0.0493847264483024
416,6,16,3,0.0575837394248443,0.0319493305688566
417,6,17,3,0.0861559029143799,0.0861559029143799
419,6,19,3,0.0719117121373515,0.0401232011451679
420,6,20,2,0.0671944913691651,0.0423593877093306
421,6,21,5,0.0559682009747071,0.0559682009747071
422,6,22,2,0.0310676104301483,0.000196155108986036
423,6,23,5,0.0207842508722059,0.0207842508722059
424,6,24,3,0.0510932415393396,0.0284385613733354
425,6,25,1,0.0434672561229627,1.55108676692752e-05
426,6,26,4,0.0857752835286787,0.0857752835286787
428,6,28,5,0.0530493920108917,0.0530493920108917
429,6,29,3,0.0631511676094152,0.0339002905243919
430,6,30,4,0.0299293339417247,0.0207274444990715
431,6,31,1,0.0157899429201852,0.000402888711767798
432,6,32,1,0.0338012349921075,1.26705871061335e-05
433,6,33,2,0.0133961542987636,0.00223245857433315
434,6,34,4,0.0628777702977388,0.0628777702977388
435,6,35,5,0.0591832326786159,0.0591832326786159
436,6,36,2,0.053174921825399,0.0282585611515094
437,6,37,2,0.0711090462201193,0.0208366195260588
438,6,38,4,0.0607931805952705,0.0403891319744451
439,6,39,4,0.0293722282592004,0.0293722282592004
440,6,40,1,0.0513197004264806,0.000127312112979656
441,6,41,4,0.0360267783504137,0.0360267783504137
442,6,42,4,0.0526485959046713,0.0526485959046713
443,6,43,2,0.0208492352512343,0.00258653561315524
444,6,44,2,0.0481018997827897,0.00110241362623512
445,6,45,1,0.0538317083105333,0.000201979601331613
446,6,46,2,0.0151300616200339,0.000831911588907541
447,6,47,5,0.0396207285811679,0.0396207285811679
448,6,48,5,0.0378551331224581,0.0378551331224581
449,6,49,1,0.0709942058890485,1.38757978170616e-05
450,6,50,4,0.0424023868384587,0.0424023868384587
451,6,51,5,0.0665902366783352,0.0665902366783352
452,6,52,2,0.054490762740581,0.00952948378838104
453,6,53,3,0.0546564514061972,0.0546564514061972
454,6,54,1,0.031975533278163,0.000903019174394705
455,6,55,5,0.0279624715223586,0.0279624715223586
456,6,56,1,0.0484652117699439,5.69361125980699e-05
457,6,57,3,0.0400281320693529,0.0220807602626714
458,6,58,3,0.0632538331664563,0.0048437290343245
459,6,59,3,0.0592822905882273,0.0592822905882273
460,6,60,3,0.00914270583020298,0.00914270583020298
461,6,61,5,0.0263377257520704,0.0263377257520704
462,6,62,3,0.0400424800454307,0.0179853305217431
463,6,63,1,0.0332406854035336,6.36806893773152e-06
464,6,64,1,0.0360239599480501,0.00111374242582488
465,6,65,1,0.0387392078170316,0.00237506699594019
466,6,66,4,0.0764225533936516,0.0764225533936516
467,6,67,5,0.0469309488372883,0.0469309488372883
468,6,68,5,0.0561820777779191,0.0561820777779191
469,6,69,4,0.0641159274823172,0.0641159274823172
470,6,70,2,0.034218556769527,0.0250530351999293
471,6,71,3,0.0340202492954931,0.00936408289415049
472,6,72,4,0.0428816559780513,0.0428816559780513
473,6,73,1,0.0781035822797094,0.00278286015177902
474,6,74,3,0.0733045581804644,0.0733045581804644
475,6,75,2,0.0223191399634872,0.00207341945808384
476,6,76,4,0.0538967380261261,0.0538967380261261
477,6,77,5,0.0569812200589906,0.0569812200589906
478,6,78,2,0.0406622686386621,0.0126930103395749
479,6,79,3,0.054701802106072,0.0317862397517814
480,6,80,1,0.0584189172223324,9.0921189367648e-05
481,7,1,5,0.091582491724142,0.091582491724142
482,7,2,5,0.0413787906200555,0.0413787906200555
483,7,3,3,0.0410710361067795,0.0119066839042787
484,7,4,4,0.0564619000011912,0.0304927053971668
485,7,5,3,0.0249975356160763,0.0192426431031081
486,7,6,3,0.0504319162573318,0.0504319162573318
487,7,7,2,0.0518698906886237,0.0133061233972699
488,7,8,1,0.100068991186361,0.00113989922919938
489,7,9,4,0.0427034784491672,0.0102527750964907
490,7,10,4,0.0509279639524165,0.0509279639524165
491,7,11,4,0.0885322577715443,0.0885322577715443
492,7,12,5,0.0436983436694134,0.0436983436694134
493,7,13,1,0.0598114363975459,0.000117593733566484
494,7,14,3,0.0241498985377683,0.00595238220281405
495,7,15,1,0.0415534179501577,8.15564089404514e-06
496,7,16,5,0.02812086932003,0.02812086932003
497,7,17,2,0.0305297688245706,0.00199785097258901
498,7,18,4,0.0332176636705765,0.0144837675745811
499,7,19,2,0.0364912719884785,0.0186326711748686
500,7,20,5,0.0447039910089749,0.0447039910089749
501,7,21,2,0.0541846517658126,0.0290565652612354
502,7,22,5,0.0784694453917206,0.0784694453917206
503,7,23,4,0.0728217320424801,0.0728217320424801
504,7,24,1,0.031676935409566,0.00248449230917033
505,7,25,5,0.0455780071364062,0.0455780071364062
506,7,26,3,0.0389062632764523,0.0176965817715681
507,7,27,4,0.066786651156318,0.066786651156318
508,7,28,5,0.0247014066121613,0.0247014066121613
509,7,29,3,0.0418458553159356,0.0418458553159356
510,7,30,1,0.0558785224149163,0.000879042502343603
511,7,31,5,0.0475327438674624,0.0475327438674624
512,7,32,5,0.0520374043237927,0.0520374043237927
513,7,33,5,0.0844575386943052,0.0844575386943052
514,7,34,3,0.05937312592018,0.0396672693617196
515,7,35,1,0.0595872801170005,4.32327751512955e-05
516,7,36,1,0.073498546233878,1.18002642316922e-05
517,7,37,2,0.0456246677790997,0.0136869807862166
518,7,38,4,0.0685100536883631,0.0429300433640555
519,7,39,4,0.0432708858076588,0.0432708858076588
520,7,40,3,0.0507899056384702,0.0329348297717089
521,7,41,4,0.0362019597271444,0.0362019597271444
522,7,42,4,0.05921145628088,0.05921145628088
523,7,43,2,0.0421676957755295,0.0240131818266456
524,7,44,3,0.0465292323309857,0.0292358674273707
525,7,45,2,0.0446579707169109,0.0254967214973406
526,7,46,2,0.0357539503587825,0.0059742482697513
527,7,47,4,0.0384848322403952,0.0384848322403952
528,7,48,1,0.0605389375996581,0.000106366575155102
529,7,49,2,0.0637919427567333,0.0222073840752604
530,7,50,3,0.055611244052267,0.0198567264386612
531,7,51,1,0.0411386374178908,0.000699884738525412
532,7,52,2,0.0437356766674423,0.0150513612735836
533,7,53,2,0.0672885573043667,0.0132417887511203
534,7,54,2,0.076215987457047,0.0181705960354616
535,7,55,1,0.0626609584790448,4.38301690455645e-05
536,7,56,1,0.0484339902383259,8.0830494819951e-05
537,7,57,1,0.0473804728360137,0.00104675469821618
538,7,58,4,0.0487460902050981,0.0487460902050981
539,7,59,1,0.0459424957703271,0.000118100404233886
540,7,60,5,0.0498992809953649,0.0498992809953649
541,7,61,5,0.0515042938401775,0.0515042938401775
542,7,62,4,0.0612741385627481,0.0612741385627481
543,7,63,5,0.0265406890481434,0.0265406890481434
544,7,64,1,0.0754913250483155,0.00455954817151456
545,7,65,3,0.0257033468646184,0.0257033468646184
546,7,66,5,0.0520971333602092,0.0520971333602092
547,7,67,4,0.0576850219761607,0.0576850219761607
548,7,68,5,0.0235361032418863,0.0235361032418863
549,7,69,3,0.0388541647961878,0.0252795801969686
550,7,70,1,0.055650700488683,6.9273672664725e-05
551,7,71,3,0.0408401001938527,0.0199220497494313
552,7,72,2,0.0800252905382674,0.02095443588024
553,7,73,2,0.0821269970726351,0.0365550840079746
554,7,74,4,0.0507919125462431,0.0264726087859746
555,7,75,2,0.0441017687989612,0.0321762913118556
556,7,76,3,0.0585208687969882,0.0585208687969882
557,7,77,2,0.0233185326968263,0.00338869902456016
558,7,78,1,0.0430528975398625,0.000101371957041827
559,7,79,3,0.0178232607888655,0.00868505137662313
560,7,80,3,0.0466700425949683,0.0316489816606043
561,8,1,4,0.061640630046769,0.061640630046769
562,8,2,5,0.0502720113150583,0.0502720113150583
563,8,3,3,0.0301750328271324,0.0130424665141993
564,8,4,5,0.0543123562340776,0.0543123562340776
565,8,5,2,0.077751072273354,0.043739373662242
566,8,6,3,0.0601179867992316,0.0601179867992316
567,8,7,5,0.0374807662883125,0.0374807662883125
568,8,8,3,0.0651028022866485,0.0651028022866485
569,8,9,3,0.0562194505517479,0.0318864217820272
570,8,10,2,0.0694061312880387,0.0268075909327687
571,8,11,2,0.0584530890597247,0.00446574952076222
572,8,12,3,0.0392479437960193,0.0142308134026601
573,8,13,2,0.0752450142902134,0.0248543421889813
574,8,14,5,0.0582344556645121,0.0582344556645121
575,8,15,1,0.038135412602931,5.17141101808902e-05
576,8,16,4,0.0774424593720311,0.0774424593720311
577,8,17,4,0.0552846734216658,0.0552846734216658
578,8,18,2,0.026948352827181,0.000506962897352578
579,8,19,1,0.0266300703425614,0.000461114088847553
580,8,20,1,0.0411796644204752,0.00195356397207549
581,8,21,1,0.0439269828347758,3.86519999121147e-06
582,8,22,1,0.0409222525714849,0.000237372204949083
583,8,23,2,0.0328118996239086,0.00982933210435128
584,8,24,1,0.0233932947816905,2.54338467424917e-05
585,8,25,1,0.0567471437336897,0.000449206802709468
586,8,26,4,0.0730714439835665,0.0730714439835665
587,8,27,5,0.0263330128827809,0.0263330128827809
588,8,28,3,0.0258329770041385,0.0145532453117654
589,8,29,3,0.0868521021651159,0.0238514478933387
590,8,30,4,0.0471992357611417,0.0471992357611417
591,8,31,2,0.0440015683689044,0.00903364507714313
592,8,32,4,0.0493844058206679,0.0493844058206679
593,8,33,2,0.0422336140678119,0.0146068609062085
594,8,34,3,0.075431294015799,0.0519437371930827
595,8,35,4,0.0436055406438332,0.0436055406438332
596,8,36,5,0.0325077105019212,0.0325077105019212
597,8,37,5,0.0731250291942123,0.0731250291942123
598,8,38,3,0.0525366643632911,0.0267923279207417
599,8,39,4,0.00841933969134752,0.00841933969134752
600,8,40,2,0.0778122137103622,0.0366932949261314
601,8,41,4,0.0389183181336222,0.0389183181336222
602,8,42,5,0.0802808161305951,0.0802808161305951
603,8,43,5,0.0328466526462766,0.0328466526462766
604,8,44,4,0.0586471649726403,0.0261278354023582
605,8,45,1,0.0317343901353059,1.0961380684848e-05
606,8,46,3,0.0430057229448315,0.0430057229448315
607,8,47,3,0.047353007329,0.0229422111412116
608,8,48,5,0.0465658733880138,0.0465658733880138
609,8,49,4,0.0496414614842658,0.0496414614842658
610,8,50,2,0.0924857296146693,0.0241046476686115
611,8,51,1,0.0682917918685533,0.0026965079536712
612,8,52,2,0.057847708187457,0.0316080782144535
613,8,53,5,0.0294880194271355,0.0294880194271355
614,8,54,1,0.0290554219573501,0.000661901817070092
615,8,55,2,0.0599034786145754,0.0350330573524381
616,8,56,1,0.0373450178130233,0.00100809431031621
617,8,57,4,0.0656556934210794,0.0656556934210794
618,8,58,1,0.0483463834433114,0.000499355071647066
619,8,59,3,0.0755644953458079,0.00641456032763153
620,8,60,1,0.0835931699516309,0.000283372407272275
621,8,61,2,0.0521442513398338,0.00353426057958096
622,8,62,1,0.0596138636981221,0.00159032934614971
623,8,63,5,0.021268195762628,0.021268195762628
624,8,64,4,0.0697427565196285,0.0697427565196285
625,8,65,3,0.0479602691325999,0.0358105076668724
626,8,66,2,0.0452365600792019,0.00513160828011082
627,8,67,5,0.0150080802384465,0.0150080802384465
628,8,68,4,0.0685571371785361,0.0685571371785361
629,8,69,3,0.0412597425824518,0.0113145694892141
630,8,70,2,0.0689760733171565,0.0477931646689611
631,8,71,1,0.065501368561115,7.37039023171556e-05
632,8,72,5,0.0324551200967027,0.0324551200967027
633,8,73,4,0.0250625664882375,0.0250625664882375
634,8,74,5,0.0586082356793774,0.0586082356793774
635,8,75,3,0.00782150950343794,0.00782150950343794
636,8,76,1,0.0585942921535252,0.0024912866560994
637,8,77,5,0.0708460093650154,0.0708460093650154
638,8,78,3,0.069660337525213,0.0398831663277805
639,8,79,2,0.00772125866068997,0.00268325892731583
640,8,80,4,0.0467341053159588,0.0225150798181904
641,9,1,4,0.051023559936007,0.051023559936007
642,9,2,4,0.056461617112822,0.056461617112822
643,9,3,1,0.0203664433153567,9.40907867790842e-05
644,9,4,1,0.0371368429339898,8.65181056054503e-05
645,9,5,1,0.0474053807471121,7.62270123426874e-05
646,9,6,3,0.062193435092935,0.0396038208893115
647,9,7,5,0.0468796745203685,0.0468796745203685
648,9,8,3,0.048722549948199,0.0299715983333879
649,9,9,2,0.0678394259357705,0.0125895823993668
650,9,10,5,0.0648775110051432,0.0648775110051432
651,9,11,3,0.0190448245170172,0.0102966845636305
652,9,12,5,0.0529919968898491,0.0529919968898491
653,9,13,1,0.0249626038489367,0.000512163710945274
654,9,14,2,0.0372390232277774,0.00437716383626561
655,9,15,4,0.0369449351237766,0.0369449351237766
656,9,16,3,0.0527366525601908,0.029801089803194
657,9,17,1,0.0405458313584322,6.82442162701055e-06
658,9,18,3,0.0241937071585426,0.00377632455465691
659,9,19,5,0.050571104856218,0.050571104856218
660,9,20,4,0.0466640149410467,0.0466640149410467
661,9,21,1,0.0236905630272263,7.50682382180142e-05
662,9,22,1,0.050213631508132,0.00126358491245761
663,9,23,1,0.0424520009293956,9.49804341006741e-05
664,9,24,2,0.0399012824269443,0.00176378706567759
665,9,25,2,0.031111112180976,0.000200662459960651
666,9,26,2,0.0727377249266718,0.0130830270385893
667,9,27,1,0.0448078463058373,0.000736996638813648
668,9,28,5,0.0669946526666614,0.0669946526666614
670,9,30,4,0.0280532019139063,0.0280532019139063
671,9,31,5,0.036461414130066,0.036461414130066
672,9,32,4,0.0135280456490946,0.0135280456490946
673,9,33,4,0.0256889921870355,0.00698924005941277
674,9,34,1,0.0660633275549588,0.00637340627092499
675,9,35,4,0.0259900080963348,0.0259900080963348
676,9,36,5,0.0385958873354836,0.0385958873354836
677,9,37,2,0.0323747429653288,0.0112379331264205
678,9,38,2,0.036560887864579,0.00210570761470876
679,9,39,4,0.0713850838960562,0.0713850838960562
680,9,40,5,0.0623080100565391,0.0623080100565391
681,9,41,4,0.0780556378656628,0.0780556378656628
682,9,42,1,0.0530454586209742,0.00114198334204396
683,9,43,2,0.065946137073491,0.0202673626111097
684,9,44,2,0.0415200598743215,0.00117580117649235
685,9,45,3,0.0311441049198255,0.0311441049198255
686,9,46,2,0.0175915105834309,0.00125575644044904
687,9,47,1,0.03724200443412,8.29526132303483e-06
688,9,48,5,0.0642277043258406,0.0642277043258406
689,9,49,1,0.026776149173447,0.000187508367017775
690,9,50,4,0.0734408362632385,0.0734408362632385
691,9,51,2,0.0633097193433306,0.0183134319606555
692,9,52,3,0.0236414356214423,0.0126767426296167
693,9,53,1,0.0134970903885587,6.29635719057527e-05
694,9,54,3,0.0436557747925772,0.0311990548328218
695,9,55,1,0.0241095002092492,6.09671208093858e-05
696,9,56,1,0.0391669495618867,0.00366660874183777
697,9,57,2,0.053323957265908,0.0150613657203543
698,9,58,4,0.078828044646901,0.078828044646901
699,9,59,5,0.0712467087524451,0.0712467087524451
700,9,60,2,0.0498138693681922,0.00333184007247344
701,9,61,5,0.0409925113519791,0.0409925113519791
702,9,62,3,0.0452546106862709,0.00292419286333732
703,9,63,3,0.0389665736955741,0.0168154395077024
704,9,64,5,0.0551004256226351,0.0551004256226351
705,9,65,3,0.0625445069698413,0.0419285362974474
706,9,66,5,0.0193949407442345,0.0193949407442345
707,9,67,4,0.0527647758867516,0.0527647758867516
708,9,68,2,0.0351387766644559,0.0156911160816924
709,9,69,4,0.0494868874031834,0.0494868874031834
710,9,70,3,0.0396639986727399,0.0089532697053942
711,9,71,3,0.0421998409357586,0.0178651330686806
712,9,72,2,0.0379523858643033,0.0209705528370848
713,9,73,5,0.0508028112832404,0.0508028112832404
714,9,74,3,0.0431017477580561,0.0203270516185599
715,9,75,3,0.0578238500322482,0.0313964267525904
716,9,76,4,0.064651786555307,0.064651786555307
717,9,77,2,0.0506436895895162,0.00669894080850117
718,9,78,3,0.0536883330664324,0.0206923854803471
719,9,79,5,0.0365053088965906,0.0365053088965906
720,9,80,5,0.037660495224308,0.037660495224308
721,10,1,4,0.0458824860287662,0.0234058856842434
722,10,2,2,0.0488188730607217,0.00278370362510314
723,10,3,3,0.0553407053407646,0.0302728221566657
724,10,4,4,0.0714964137935434,0.0714964137935434
725,10,5,5,0.0433081087763819,0.0433081087763819
726,10,6,2,0.0522137072238829,0.0232440726311121
727,10,7,1,0.0934578402855861,0.000894042383797632
728,10,8,4,0.065069605647647,0.065069605647647
729,10,9,3,0.0827855267224558,0.0590210145455284
730,10,10,2,0.0607388160144516,0.0174253796158603
731,10,11,5,0.0307012895205669,0.0307012895205669
732,10,12,3,0.0779709745208818,0.0415730639957089
733,10,13,5,0.022588827018965,0.022588827018965
734,10,14,3,0.027610675717809,0.00515351772809567
735,10,15,2,0.040253903547303,0.0125052139331095
736,10,16,2,0.0529871439283705,0.0101135756395784
737,10,17,1,0.0495329191472349,7.64953555293987e-05
738,10,18,5,0.0493410467625125,0.0493410467625125
739,10,19,3,0.055842888609032,0.055842888609032
740,10,20,5,0.0562686413955695,0.0562686413955695
741,10,21,2,0.0398832012895465,0.00311358032967267
742,10,22,1,0.0419961864643795,0.0038120322672329
743,10,23,1,0.0309207362490567,8.56579562431361e-05
744,10,24,1,0.0204916246755162,0.000861316161820864
745,10,25,2,0.025521393402664,0.000223778532138026
746,10,26,1,0.010553394410403,0.0012756090521118
747,10,27,2,0.0329629171125122,0.00326526742023754
748,10,28,2,0.0660416801740974,0.0347790150414701
749,10,29,4,0.0316168356248379,0.0316168356248379
750,10,30,4,0.0672812960969681,0.0672812960969681
751,10,31,3,0.0879104558576066,0.0453181346292122
752,10,32,3,0.0651865597669464,0.0651865597669464
753,10,33,2,0.0670394078607244,0.023044580660223
754,10,34,2,0.0392295862585569,0.0045616568339715
755,10,35,3,0.0728245022178462,0.0728245022178462
756,10,36,1,0.0675771576828059,0.00215121404575896
757,10,37,5,0.0500579863675068,0.0500579863675068
758,10,38,4,0.0594997612827805,0.0594997612827805
759,10,39,1,0.0218367568561969,6.98971389170633e-05
760,10,40,4,0.0735127612482633,0.0735127612482633
761,10,41,2,0.0648287799402687,0.00994981003147093
762,10,42,2,0.0872451058648442,0.062556132394967
763,10,43,1,0.0688125365028635,0.000112193595042766
764,10,44,5,0.025088606152122,0.025088606152122
765,10,45,3,0.0653647158428536,0.0435438227396115
766,10,46,1,0.0156917901823023,0.000264182918634808
767,10,47,4,0.0631972423498216,0.0631972423498216
768,10,48,3,0.0554054885795909,0.0346042942002845
769,10,49,5,0.0617883840221225,0.0617883840221225
771,10,51,1,0.0641377298891445,9.84400602820869e-05
772,10,52,2,0.0205677735038851,0.00386786051333209
773,10,53,4,0.0453842163026543,0.0453842163026543
774,10,54,5,0.0595508583641673,0.0595508583641673
775,10,55,3,0.0571605521763496,0.0571605521763496
776,10,56,4,0.0636760702609042,0.0636760702609042
777,10,57,1,0.0496729500479319,0.000368890859004336
778,10,58,4,0.0632824987174564,0.0632824987174564
780,10,60,4,0.0546238469916758,0.0206544765469344
781,10,61,5,0.0377855613700396,0.0377855613700396
782,10,62,1,0.0616223408515619,0.00395612930960416
783,10,63,5,0.0494192312066812,0.0494192312066812
784,10,64,1,0.0254785979684594,0.000300627823851122
785,10,65,4,0.0369561491680964,0.0369561491680964
786,10,66,3,0.0734039779331606,0.0734039779331606
787,10,67,3,0.0249476718835918,0.0111963938525816
788,10,68,5,0.0605475466684403,0.0605475466684403
789,10,69,4,0.0399709883244468,0.0399709883244468
790,10,70,5,0.0520602286248467,0.0520602286248467
791,10,71,5,0.0622348536874407,0.0622348536874407
792,10,72,3,0.0592356282148855,0.0307154086491571
793,10,73,5,0.0656270913210436,0.0656270913210436
794,10,74,2,0.0536801856694423,0.009965297648464
795,10,75,2,0.0725892569058667,0.0195628464759094
796,10,76,3,0.0868746009183381,0.0868746009183381
797,10,77,1,0.0483319799599168,0.000808085931797512
798,10,78,1,0.044619917033445,0.0010108385614725
799,10,79,5,0.0448517607052038,0.0448517607052038
800,10,80,3,0.0720602866732606,0.0720602866732606
801,11,1,5,0.0526237475469757,0.0526237475469757
802,11,2,4,0.0286147121286522,0.0286147121286522
803,11,3,5,0.0514675813902225,0.0514675813902225
804,11,4,1,0.0506070685429131,0.000535435684896652
805,11,5,2,0.0361408872699305,0.0022676219617899
806,11,6,3,0.0437528455829265,0.0437528455829265
807,11,7,5,0.0587224196944128,0.0587224196944128
808,11,8,3,0.0337825041435845,0.00311307887308913
809,11,9,3,0.0811500880272329,0.0811500880272329
810,11,10,5,0.0609475310801801,0.0609475310801801
811,11,11,4,0.0480767605168112,0.0480767605168112
812,11,12,1,0.0186877400058387,0.000247622185096066
813,11,13,3,0.0689777061250209,0.0689777061250209
814,11,14,1,0.0540044344698819,0.000182399211602696
815,11,15,5,0.0732787047016528,0.0732787047016528
816,11,16,5,0.0614104088545346,0.0614104088545346
817,11,17,5,0.0442887745372187,0.0442887745372187
818,11,18,1,0.0330865742250726,0.000540819941294149
819,11,19,5,0.0275226272198262,0.0275226272198262
820,11,20,2,0.0537202384717885,0.0144589814039455
821,11,21,4,0.0476911039369398,0.0204887910140124
822,11,22,2,0.0628079187053425,0.0209887111995389
823,11,23,2,0.020903002152877,0.00209260713537804
824,11,24,2,0.0358324965272187,0.00535858843591579
825,11,25,1,0.0411231664076078,0.000156404193583352
826,11,26,3,0.062333897541342,0.037837569730709
827,11,27,4,0.118285320920527,0.118285320920527
828,11,28,4,0.0228096179608635,0.0228096179608635
829,11,29,3,0.0601561924925764,0.0601561924925764
830,11,30,3,0.0728315809774791,0.0407105543882538
831,11,31,5,0.0502757496823064,0.0502757496823064
832,11,32,1,0.0271535617766549,0.00140036495476647
833,11,33,2,0.0420230593904969,0.000890426198940401
834,11,34,2,0.0460720381298688,0.00365688542994241
835,11,35,2,0.0516134851025579,0.000776737220170921
836,11,36,2,0.023410546591145,0.00129196092090345
837,11,37,4,0.0326149518417961,0.0326149518417961
838,11,38,3,0.0531477028709247,0.0345899009022605
839,11,39,5,0.058340879175494,0.058340879175494
840,11,40,4,0.0652467043169065,0.0652467043169065
841,11,41,3,0.041438006879557,0.0241505114750279
842,11,42,4,0.0587546312846444,0.0587546312846444
843,11,43,4,0.0671342677214084,0.0671342677214084
844,11,44,2,0.0636565429133348,0.0337546307746568
845,11,45,4,0.0366527285007202,0.0366527285007202
846,11,46,3,0.0305361069199308,0.0229814438310062
847,11,47,5,0.00821767592534762,0.00821767592534762
848,11,48,2,0.0296245078711579,0.00303796559005186
849,11,49,1,0.0353000008375206,5.47482905117818e-06
850,11,50,2,0.0123567017463851,0.0049601435573977
851,11,51,3,0.0318551448893325,0.0040221275838621
852,11,52,4,0.0568811115106165,0.0568811115106165
853,11,53,5,0.0275715514418124,0.0275715514418124
854,11,54,1,0.0183037090930732,0.000602436878665134
855,11,55,2,0.0765939959959493,0.0427373578109232
856,11,56,1,0.0269122063659556,0.000455027393426732
857,11,57,4,0.0373990098879223,0.0373990098879223
858,11,58,5,0.0259129989694787,0.0259129989694787
859,11,59,4,0.0880915700348878,0.0880915700348878
860,11,60,1,0.041347837450962,0.000535878449405699
861,11,61,2,0.0741175098004396,0.0166110041613017
862,11,62,3,0.0502473893441588,0.03278817259949
863,11,63,5,0.0570764380718435,0.0570764380718435
864,11,64,1,0.0299770596934157,0.000371823639100924
865,11,65,5,0.0577843052519764,0.0577843052519764
866,11,66,1,0.0315857647205368,0.000945485270490875
867,11,67,1,0.0324539712991446,0.000499793918666004
868,11,68,1,0.0524126533835408,0.000726216889638969
869,11,69,3,0.0260626723226855,0.0116641675045064
870,11,70,4,0.0561037721094148,0.0561037721094148
871,11,71,2,0.0882095618362072,0.0302661841415671
872,11,72,5,0.0131263447829994,0.0131263447829994
873,11,73,3,0.0809495859443824,0.0809495859443824
874,11,74,3,0.0498074772304756,0.0498074772304756
875,11,75,2,0.0535447426364008,0.000460702297661848
876,11,76,4,0.0797805739458687,0.0797805739458687
877,11,77,1,0.0354678390360875,0.00105537304100218
878,11,78,4,0.0197791686238273,0.0197791686238273
879,11,79,3,0.0600318616414987,0.0322030517552715
880,11,80,1,0.0464923924819773,8.01166904238875e-05
881,12,1,4,0.0335249535821714,0.0335249535821714
882,12,2,5,0.04319274416708,0.04319274416708
883,12,3,2,0.0133839409905419,0.00292970943270866
884,12,4,1,0.0803691313940831,0.00431951092160063
885,12,5,5,0.0622003044694666,0.0622003044694666
886,12,6,1,0.046809094688553,0.000124207971000165
887,12,7,4,0.0500694084707759,0.0500694084707759
888,12,8,4,0.0547409203573613,0.0547409203573613
889,12,9,1,0.0530891502460351,7.23992154384128e-05
890,12,10,5,0.0690503648731997,0.0690503648731997
891,12,11,2,0.0512255837291168,0.0222279398936281
892,12,12,3,0.0244347685450526,0.0085875286947395
893,12,13,5,0.062342120170984,0.062342120170984
894,12,14,2,0.0616929229522771,0.0120256245316613
895,12,15,1,0.0361598602578249,0.00108233063751455
896,12,16,2,0.0271942423567973,0.00225314947692395
897,12,17,5,0.0398498115178916,0.0398498115178916
898,12,18,1,0.0263486976397879,1.56474884636192e-05
899,12,19,1,0.0231641084147254,7.89145360945811e-05
900,12,20,1,0.0263186062435948,0.000526628379053258
901,12,21,5,0.0739013915509538,0.0739013915509538
902,12,22,1,0.0134112702369234,0.000183502363031039
903,12,23,4,0.0558256931560131,0.0558256931560131
904,12,24,1,0.0279076922775742,0.000719335259824975
905,12,25,2,0.0388693444154629,0.00279059494765898
906,12,26,4,0.050537222957872,0.050537222957872
907,12,27,3,0.0273349786935618,0.0273349786935618
908,12,28,3,0.0630232515194795,0.0332505069677025
909,12,29,2,0.0439913382552784,0.0176335159607361
910,12,30,1,0.0237370774044451,0.00158826861755987
911,12,31,1,0.0198289716889483,0.00086118995128046
912,12,32,4,0.0527061137128902,0.0527061137128902
913,12,33,3,0.0616551429524124,0.0616551429524124
914,12,34,3,0.0516383373934682,0.0319108629686155
915,12,35,3,0.0266349698665447,0.00790107377054936
916,12,36,2,0.0186073681938005,0.00233482753949582
917,12,37,2,0.0452436286892781,0.0200802859371183
918,12,38,2,0.0281086633212806,0.00135180369383711
919,12,39,2,0.053229314361584,0.0185075367976921
920,12,40,3,0.0634645573444398,0.035061851991938
921,12,41,4,0.0192095278435687,0.00673886039229184
922,12,42,4,0.0478409023080647,0.0478409023080647
923,12,43,3,0.0616130104930435,0.038938063899594
924,12,44,4,0.0826856226492433,0.0826856226492433
925,12,45,5,0.0541406437116683,0.0541406437116683
926,12,46,5,0.0157962250397163,0.0157962250397163
927,12,47,3,0.0583771893122966,0.0335612781756678
928,12,48,5,0.0514304335375945,0.0514304335375945
929,12,49,1,0.0152322894943211,0.00105110233308845
930,12,50,2,0.018316781734463,0.00283420088291144
931,12,51,3,0.0393075525653783,0.0166599355487778
932,12,52,3,0.0297805121684746,0.0102237996852998
933,12,53,2,0.0325255866087402,0.00141913942619216
934,12,54,2,0.0634941093965449,0.0212042289778965
935,12,55,4,0.0480369210505706,0.0480369210505706
936,12,56,5,0.0637288883885803,0.0637288883885803
937,12,57,5,0.0522597790304191,0.0522597790304191
938,12,58,5,0.0436905344315945,0.0436905344315945
939,12,59,2,0.0914168212087431,0.0279059105849321
940,12,60,3,0.0123599396974589,0.00305557471550042
941,12,61,5,0.0795163526639462,0.0795163526639462
942,12,62,1,0.0708306403480956,0.00159772478882252
943,12,63,1,0.0313694721129337,0.00257792311361314
944,12,64,4,0.0584674756403012,0.0584674756403012
945,12,65,3,0.0232429801992627,0.00523628263567745
946,12,66,4,0.0558494687468169,0.0558494687468169
947,12,67,3,0.0338108689767715,0.00473367821426578
948,12,68,4,0.0384782211766227,0.0384782211766227
949,12,69,4,0.0119033147385273,0.00639043983806319
950,12,70,5,0.0545226962457152,0.0545226962457152
951,12,71,3,0.0578460775203944,0.0317785273347914
952,12,72,3,0.0616424032090468,0.0616424032090468
953,12,73,1,0.0417695154000044,0.00111557024489447
954,12,74,5,0.0610247392099672,0.0610247392099672
955,12,75,1,0.0397609123080938,0.00197644355891491
956,12,76,4,0.0464037646172425,0.0258150948464073
957,12,77,5,0.0736515819687424,0.0736515819687424
958,12,78,4,0.0469103517381537,0.0469103517381537
959,12,79,2,0.0331765261426578,0.00938685488608717
960,12,80,2,0.0594772238163517,0.010657420296263
961,13,1,1,0.065408099986822,1.31099074012137e-05
962,13,2,5,0.0267426387860724,0.0267426387860724
963,13,3,4,0.0552508141614728,0.0552508141614728
964,13,4,5,0.0432389918279889,0.0432389918279889
965,13,5,3,0.0598048292938552,0.0598048292938552
966,13,6,2,0.0403533699020536,0.0019762232347033
967,13,7,4,0.0286698987029626,0.0286698987029626
968,13,8,1,0.0467285421967579,0.000285793423881702
969,13,9,3,0.0349622399159447,0.0217195999171198
970,13,10,1,0.0500146261875467,0.00137998429244624
971,13,11,4,0.0581137359195562,0.0581137359195562
972,13,12,5,0.0457871547528892,0.0457871547528892
973,13,13,1,0.0638445797608767,0.000140842707344127
974,13,14,4,0.0392819708571318,0.0392819708571318
975,13,15,4,0.0994959631289981,0.0994959631289981
976,13,16,3,0.0324729081827,0.00930265916382591
977,13,17,2,0.0494774634979335,0.00751090456897995
978,13,18,1,0.049728891616161,0.000677810550555621
979,13,19,2,0.0405303862019125,0.00875346835292513
980,13,20,4,0.0220423867003406,0.0220423867003406
981,13,21,2,0.0502123050007171,0.0311067445964861
982,13,22,1,0.060559137020981,0.00193378193024568
983,13,23,5,0.038977945083827,0.038977945083827
984,13,24,3,0.0499233423482396,0.0275843392926699
985,13,25,4,0.0620843318280842,0.0620843318280842
986,13,26,4,0.0571337416458951,0.0571337416458951
987,13,27,5,0.0508993632647595,0.0508993632647595
988,13,28,5,0.0430249591673874,0.0430249591673874
989,13,29,3,0.0523441927378472,0.027426968241498
990,13,30,2,0.031692051724998,0.000756115123530524
991,13,31,1,0.0407243213274529,0.00107769794450439
992,13,32,1,0.0543086243606005,0.0022509833149352
993,13,33,2,0.0041555404301722,0.0012455021437791
994,13,34,4,0.0606354893615892,0.0606354893615892
995,13,35,2,0.0536069779340604,0.00102353798034641
996,13,36,3,0.0491772556638219,0.02720258554657
997,13,37,3,0.025311729931006,0.0187176945035071
998,13,38,1,0.0359312863769432,8.02060048782831e-05
999,13,39,5,0.0579683626975421,0.0579683626975421
1000,13,40,1,0.0591298901635135,0.00186768679921943
1001,13,41,4,0.0573963320672193,0.0573963320672193
1002,13,42,5,0.058539322920181,0.058539322920181
1003,13,43,2,0.0583103081185625,0.0354463575753876
1004,13,44,3,0.0317733832427104,0.0317733832427104
1005,13,45,5,0.0907720514013444,0.0907720514013444
1006,13,46,5,0.0932471262350512,0.0932471262350512
1008,13,48,3,0.0639367404963483,0.0639367404963483
1009,13,49,4,0.0373819864478367,0.0373819864478367
1010,13,50,2,0.0637324869138586,0.0384692776595367
1011,13,51,3,0.0522485883367614,0.0522485883367614
1012,13,52,1,0.039613188534346,1.02841560256807e-05
1013,13,53,5,0.0589672013335228,0.0589672013335228
1014,13,54,2,0.0193331701617839,0.00333849508207226
1015,13,55,2,0.081779217413952,0.0391760086947223
1016,13,56,5,0.0422116983380394,0.0422116983380394
1017,13,57,4,0.0769553018221903,0.0769553018221903
1018,13,58,4,0.0640855793083948,0.0640855793083948
1019,13,59,5,0.0504231434647231,0.0504231434647231
1020,13,60,1,0.0498360018614802,3.94187191878967e-05
1021,13,61,2,0.0454611446672316,0.0100598961146469
1022,13,62,2,0.0391953051428923,0.00180889742312655
1023,13,63,3,0.0390663375623036,0.0134914768943278
1024,13,64,2,0.0285746090129656,0.000509070443903673
1025,13,65,5,0.0246240499923674,0.0246240499923674
1026,13,66,1,0.0414323785583903,0.000710389728082849
1027,13,67,5,0.0425705503611713,0.0425705503611713
1028,13,68,2,0.0476729186133424,0.0262078798488137
1029,13,69,2,0.0367668614818536,0.000618824621627554
1030,13,70,4,0.0638403212148518,0.0638403212148518
1031,13,71,3,0.0300339767571242,0.0028194267426673
1032,13,72,3,0.0226416287898429,0.0226416287898429
1033,13,73,5,0.0363265638931382,0.0363265638931382
1034,13,74,1,0.0691547715524632,0.000754645803243365
1035,13,75,1,0.0270099704844404,0.000171778701060351
1036,13,76,4,0.0489188338967871,0.0295665587160898
1037,13,77,1,0.0798886356394461,8.91054097200575e-05
1038,13,78,3,0.0853131156080217,0.0853131156080217
1039,13,79,4,0.0207788490860859,0.00777284685978028
1040,13,80,3,0.0316870029791085,0.00661938036145978
1041,14,1,4,0.0104815024691188,0.0104815024691188
1042,14,2,1,0.0544546577497409,0.00105449933277748
1043,14,3,1,0.065168654420599,0.000123050219870347
1044,14,4,2,0.0505374696540008,0.0180882280729922
1045,14,5,5,0.0527448168169421,0.0527448168169421
1046,14,6,1,0.0103941715113258,0.000386938958500392
1047,14,7,3,0.0477060444706256,0.0477060444706256
1048,14,8,1,0.0499629843163257,3.45938722758746e-05
1049,14,9,2,0.0485546975474944,0.0158304315598463
1050,14,10,4,0.0558366888066924,0.0558366888066924
1051,14,11,2,0.0440584276648285,0.00147611132724451
1052,14,12,5,0.0435300627890861,0.0435300627890861
1053,14,13,2,0.0734364080165508,0.0336477551360846
1054,14,14,4,0.019700142837144,0.019700142837144
1055,14,15,2,0.0665125153231153,0.0226771333728387
1056,14,16,5,0.0735109525160698,0.0735109525160698
1057,14,17,1,0.0547615390163694,0.00174973373903349
1058,14,18,5,0.0445264457981938,0.0445264457981938
1059,14,19,3,0.0473014818833404,0.0262799453889915
1060,14,20,1,0.0133600307466706,0.000143952035753222
1061,14,21,5,0.0825807429948869,0.0825807429948869
1062,14,22,1,0.0450119490850189,6.73101081691813e-05
1063,14,23,3,0.0664752034870219,0.0664752034870219
1064,14,24,4,0.0257886486168733,0.00873140181142444
1065,14,25,3,0.0326645390049808,0.0326645390049808
1066,14,26,4,0.0330705721393196,0.0330705721393196
1067,14,27,2,0.0302966346170359,0.00831909376229185
1068,14,28,4,0.0194689745779028,0.00554385018981742
1069,14,29,5,0.0275695112186837,0.0275695112186837
1070,14,30,2,0.0531423456924697,0.0232648424951719
1071,14,31,3,0.0415682988509936,0.0188573905739852
1072,14,32,4,0.0533507715868411,0.0533507715868411
1073,14,33,1,0.0337485324087352,5.81000554070299e-05
1074,14,34,4,0.0565332403353247,0.0565332403353247
1075,14,35,5,0.0427271977785823,0.0427271977785823
1076,14,36,3,0.0266776263326959,0.00845538439352455
1077,14,37,3,0.071548733618383,0.0391831480572909
1078,14,38,2,0.0597020069959567,0.00246571806872772
1079,14,39,1,0.0381262791999962,0.000444461292865548
1080,14,40,3,0.104742493344176,0.0614187992555023
1081,14,41,3,0.0273417250240996,0.0195236070244145
1082,14,42,3,0.0673530624446082,0.0673530624446082
1083,14,43,3,0.0683047376990212,0.0367318307251098
1084,14,44,2,0.0531806786512731,0.0126608397192572
1085,14,45,5,0.0267975024139893,0.0267975024139893
1086,14,46,2,0.0644605654824129,0.0135222272223414
1087,14,47,3,0.0353002866551088,0.0291176989746036
1088,14,48,5,0.0499272567592717,0.0499272567592717
1089,14,49,2,0.0345047860121702,0.0157325859503201
1090,14,50,3,0.0369073424903977,0.00743753272805295
1091,14,51,1,0.0653160859211899,0.000119716527746877
1092,14,52,4,0.0634916346774354,0.0634916346774354
1093,14,53,5,0.0657209109666706,0.0657209109666706
1094,14,54,4,0.0749842859987619,0.0749842859987619
1095,14,55,4,0.0614379417427896,0.0614379417427896
1096,14,56,5,0.064228140089193,0.064228140089193
1097,14,57,3,0.0772986367783487,0.0451740691412451
1098,14,58,3,0.0700347206614922,0.0700347206614922
1099,14,59,5,0.047751782297628,0.047751782297628
1100,14,60,5,0.0506828484488975,0.0506828484488975
1101,14,61,4,0.0389832094763124,0.0389832094763124
1102,14,62,1,0.0109562502922647,8.4462603951772e-05
1103,14,63,1,0.02173023919056,9.14033574772155e-05
1104,14,64,1,0.0180342307273755,9.98600102498805e-05
1105,14,65,5,0.0476123111913146,0.0476123111913146
1106,14,66,4,0.0286047658089821,0.00726371871371439
1107,14,67,2,0.0476922464109701,0.0288659375755464
1108,14,68,4,0.0592621245968936,0.0592621245968936
1109,14,69,2,0.0337889778748172,0.0121529219488918
1110,14,70,5,0.0220739652255652,0.0220739652255652
1111,14,71,5,0.0649005041472003,0.0649005041472003
1112,14,72,1,0.0404866594491898,0.00301523780468227
1113,14,73,2,0.039695925740212,0.0151224102344764
1114,14,74,2,0.0571834332391746,0.011570251095716
1115,14,75,4,0.0326885072761301,0.0326885072761301
1116,14,76,2,0.0170176196605956,0.00807883052502719
1117,14,77,1,0.0375873077076031,1.5616441135193e-05
1118,14,78,3,0.0301248092472202,0.0301248092472202
1119,14,79,1,0.0618362759101319,9.68873682627776e-05
1120,14,80,4,0.074002767984072,0.074002767984072
1121,15,1,4,0.0333150644613395,0.0333150644613395
1122,15,2,1,0.0229035070200649,0.000740319025930086
1123,15,3,5,0.0510550100701575,0.0510550100701575
1124,15,4,2,0.0672940328533525,0.018315045899383
1125,15,5,1,0.0523295795396736,8.52736680655209e-06
1126,15,6,1,0.0519036655190599,0.000100952059496325
1127,15,7,2,0.0368956162873334,0.00267636229595335
1128,15,8,1,0.0462311559964161,0.00124145145089578
1129,15,9,3,0.0567174930701422,0.0567174930701422
1130,15,10,2,0.060781117276621,0.0174447340314031
1131,15,11,5,0.0307802747118081,0.0307802747118081
1132,15,12,5,0.0347470531975691,0.0347470531975691
1133,15,13,1,0.0291827848891662,0.000627277646637228
1134,15,14,1,0.0101250587737564,9.16026064053774e-05
1135,15,15,1,0.0657007642644216,0.00106296606747545
1136,15,16,1,0.0280052528902956,0.000855879456718192
1137,15,17,4,0.0514449762517551,0.0514449762517551
1138,15,18,5,0.0632978845559298,0.0632978845559298
1139,15,19,4,0.0217384672293039,0.0217384672293039
1140,15,20,5,0.0663628218964253,0.0663628218964253
1141,15,21,1,0.0582433298982941,0.000187367184738399
1142,15,22,3,0.0503636046726476,0.0139283126511279
1143,15,23,4,0.0641185692232452,0.0641185692232452
1144,15,24,3,0.0420706580040932,0.019515097009281
1145,15,25,1,0.0571544946105905,2.08524506687048e-05
1146,15,26,3,0.024659361622961,0.00692346504454291
1147,15,27,5,0.0385722772940462,0.0385722772940462
1148,15,28,4,0.0430647772952084,0.0198839674532751
1149,15,29,3,0.0608770132432132,0.0256657013014932
1150,15,30,5,0.0446977311341202,0.0446977311341202
1151,15,31,2,0.0466587959578534,0.00315524857941696
1152,15,32,2,0.0433982392968226,0.00186109937316665
1153,15,33,3,0.0711669485265974,0.0488261529004213
1154,15,34,4,0.069456855446242,0.069456855446242
1155,15,35,2,0.0253146473788524,0.000620576184776223
1156,15,36,5,0.0308745156488002,0.0308745156488002
1157,15,37,2,0.0392589457267275,0.0224286866067506
1158,15,38,1,0.0430908572028003,9.58378847340723e-06
1159,15,39,4,0.0257975845770092,0.0080871148406764
1160,15,40,2,0.0484224382408772,0.00121247369960784
1161,15,41,1,0.0779674711470611,0.00263751102363862
1162,15,42,3,0.0344094728770241,0.0209396712879329
1163,15,43,3,0.0645878349971493,0.0147278586448696
1164,15,44,1,0.0605498597303443,0.00121590542268515
1165,15,45,5,0.0812219424608745,0.0812219424608745
1166,15,46,5,0.0527077585084868,0.0527077585084868
1167,15,47,2,0.0620198245567762,0.0204887214786339
1168,15,48,3,0.0848071197854341,0.0848071197854341
1169,15,49,4,0.0392295552805052,0.0392295552805052
1170,15,50,2,0.0346337272927671,0.0017424261708923
1171,15,51,3,0.0555929151751559,0.00195287661519735
1172,15,52,5,0.0582411768533606,0.0582411768533606
1173,15,53,4,0.0458862791516276,0.0458862791516276
1174,15,54,4,0.0647775553006139,0.0647775553006139
1175,15,55,4,0.0792535245040752,0.0792535245040752
1176,15,56,2,0.0662330717442609,0.0417342832370592
1177,15,57,5,0.0420358520852366,0.0420358520852366
1178,15,58,3,0.0538321773786877,0.0277857926340963
1179,15,59,5,0.0431370892709469,0.0431370892709469
1180,15,60,4,0.0316317073927867,0.00992071302505326
1181,15,61,3,0.0713317775339007,0.0713317775339007
1182,15,62,4,0.0512879543855231,0.0512879543855231
1183,15,63,1,0.0381396376086898,0.000128359154762994
1184,15,64,5,0.0556044758856435,0.0556044758856435
1185,15,65,2,0.0595616780002108,0.0127634731171023
1186,15,66,3,0.0646739481956309,0.0646739481956309
1187,15,67,3,0.0688322559548128,0.0688322559548128
1188,15,68,5,0.0682448813324041,0.0682448813324041
1189,15,69,4,0.0612524784439853,0.0612524784439853
1190,15,70,5,0.0709649982615513,0.0709649982615513
1191,15,71,2,0.0706373358666672,0.0172158834301274
1192,15,72,1,0.0644470808416812,9.62310930186108e-05
1193,15,73,1,0.0265235399419613,0.000630676522099401
1194,15,74,2,0.0321947862911548,0.00166919376530462
1195,15,75,2,0.0260049339566493,0.00895333835191821
1196,15,76,3,0.063588427417955,0.063588427417955
1197,15,77,4,0.022028821522385,0.022028821522385
1198,15,78,4,0.0621274382152253,0.0621274382152253
1199,15,79,3,0.0470268665218713,0.0285038551403019
1200,15,80,2,0.0283863677461535,0.00190273274862622
1201,16,1,1,0.0348815482364911,1.60952511342474e-05
1202,16,2,5,0.0677982247216493,0.0677982247216493
1203,16,3,1,0.0716117752295472,0.00331867605503741
1204,16,4,3,0.0286347019135925,0.00889893640400316
1205,16,5,3,0.0821530709913157,0.0569975465212589
1206,16,6,3,0.059940447890111,0.059940447890111
1207,16,7,3,0.0299654046689906,0.0229452140148177
1208,16,8,2,0.0313853047736494,0.00298764162299539
1209,16,9,2,0.0219877339754386,0.00545476492601286
1210,16,10,2,0.0386521692074745,0.000341463220375166
1211,16,11,2,0.0448681938546534,0.000789479871220545
1212,16,12,5,0.0334748031094501,0.0334748031094501
1213,16,13,4,0.0603067901852838,0.0603067901852838
1214,16,14,2,0.0433311866408328,0.0167796252458919
1215,16,15,1,0.0479460793047311,8.3945992563018e-06
1216,16,16,3,0.0658862421119529,0.0658862421119529
1217,16,17,2,0.0546448274582466,0.0129659633288267
1218,16,18,2,0.0607997542344919,0.0359036360178956
1219,16,19,2,0.0510425128302196,0.0106717146624466
1220,16,20,4,0.038220834508365,0.038220834508365
1221,16,21,4,0.0528948781509197,0.0344228002502972
1222,16,22,5,0.0831138117567362,0.0831138117567362
1223,16,23,5,0.0836124173437237,0.0836124173437237
1224,16,24,3,0.0707061367063106,0.0707061367063106
1225,16,25,4,0.04921811992706,0.04921811992706
1226,16,26,2,0.0431278729453099,0.00815369847885905
1227,16,27,3,0.0537134156200106,0.0214708838966734
1228,16,28,2,0.0158268730511557,0.000538271874495829
1229,16,29,1,0.0337054473587656,0.000296928679157959
1230,16,30,1,0.0301528765574256,0.000492064846229423
1231,16,31,5,0.0507111731291545,0.0507111731291545
1232,16,32,2,0.0352506648218387,0.0144275997012094
1233,16,33,2,0.0290519988148742,0.00174960778090596
1234,16,34,4,0.0431436658214269,0.0431436658214269
1235,16,35,1,0.0199244348933679,0.000323977669542284
1236,16,36,4,0.0366610440136326,0.0366610440136326
1237,16,37,5,0.0568015344088453,0.0568015344088453
1238,16,38,1,0.0391003589009209,7.20502062960652e-05
1239,16,39,1,0.0593522177516967,2.87783651962543e-06
1240,16,40,4,0.0837588724168938,0.0837588724168938
1241,16,41,4,0.0870466671562866,0.0870466671562866
1242,16,42,3,0.0321835911655292,0.0198688372422301
1243,16,43,5,0.0321586882649852,0.0321586882649852
1244,16,44,4,0.0224604914407715,0.0224604914407715
1245,16,45,3,0.0601293692636817,0.0445676967145786
1246,16,46,1,0.0174663808786128,0.000227942305599419
1247,16,47,5,0.039189906835412,0.039189906835412
1248,16,48,1,0.0284572961071862,2.36135067318225e-05
1249,16,49,4,0.0511128347867288,0.0511128347867288
1250,16,50,2,0.0611894911612329,0.0243569309644298
1251,16,51,1,0.0146877202675141,0.000121078309023504
1252,16,52,5,0.0495851465137134,0.0495851465137134
1253,16,53,1,0.0373217186575784,0.000176910358244551
1254,16,54,3,0.0887559321187361,0.0887559321187361
1255,16,55,4,0.0766959544516531,0.0766959544516531
1256,16,56,3,0.0640844581557192,0.0640844581557192
1257,16,57,3,0.0318776882895847,0.00210631644249321
1258,16,58,3,0.0561247106583574,0.0561247106583574
1259,16,59,4,0.0389768309240997,0.0389768309240997
1260,16,60,5,0.04906481895899,0.04906481895899
1261,16,61,5,0.0530781051172582,0.0530781051172582
1262,16,62,3,0.0413564993764022,0.0413564993764022
1263,16,63,4,0.0783519052259977,0.0783519052259977
1264,16,64,5,0.0810605135108097,0.0810605135108097
1265,16,65,1,0.0347830834585507,0.000224427496648349
1266,16,66,4,0.0653533631598329,0.0653533631598329
1267,16,67,1,0.0184513142718874,0.000209601919641669
1268,16,68,3,0.0134724654100539,0.00432311916919527
1269,16,69,5,0.0444256164089582,0.0444256164089582
1270,16,70,2,0.05103555278239,0.0286822467266326
1271,16,71,3,0.0220688728913981,0.0072779177801475
1272,16,72,5,0.0352836091459632,0.0352836091459632
1273,16,73,4,0.0338187734703143,0.0146571656316993
1274,16,74,2,0.0525311774382971,0.0309978698897622
1275,16,75,5,0.0216981621009191,0.0216981621009191
1276,16,76,1,0.0281917089649235,0.000261745856264877
1277,16,77,1,0.0439275081381765,0.000677675608357224
1278,16,78,2,0.0350449562642255,0.000851080593914208
1279,16,79,5,0.0480309623299173,0.0480309623299173
1280,16,80,4,0.0600006103699761,0.0600006103699761
1281,17,1,5,0.0514132858222155,0.0514132858222155
1282,17,2,1,0.0530204534180197,0.00106699019296199
1283,17,3,2,0.0251845407366966,0.000871394006861089
1284,17,4,5,0.0544083214692483,0.0544083214692483
1285,17,5,4,0.0410338146787883,0.0410338146787883
1286,17,6,3,0.035860464977212,0.0107925817931137
1287,17,7,3,0.0882596557163504,0.0882596557163504
1288,17,8,2,0.039980110117509,0.00897986824804289
1289,17,9,5,0.0472311244136242,0.0472311244136242
1290,17,10,3,0.0301862603427224,0.0221080817912488
1291,17,11,4,0.0634751162138497,0.0634751162138497
1292,17,12,4,0.0363657865168434,0.0363657865168434
1293,17,13,3,0.0371300120194834,0.0181467421607586
1294,17,14,5,0.111411907590186,0.111411907590186
1295,17,15,4,0.0382651828816878,0.0382651828816878
1296,17,16,5,0.0150572597503195,0.0150572597503195
1297,17,17,1,0.0536549034806711,9.56998405778586e-06
1298,17,18,1,0.0157332691599153,9.46408544001563e-05
1299,17,19,5,0.0492826740397866,0.0492826740397866
1300,17,20,2,0.0416597172559435,0.00455647239565685
1301,17,21,4,0.0474297195730331,0.0474297195730331
1302,17,22,5,0.0470528058379528,0.0470528058379528
1303,17,23,5,0.0560374943682079,0.0560374943682079
1304,17,24,2,0.0261193233153962,0.0187386056206863
1305,17,25,4,0.0367397867603956,0.0130252094286497
1306,17,26,2,0.0481267932035106,0.0170529449943404
1307,17,27,5,0.047561885324376,0.047561885324376
1308,17,28,5,0.0423740476479004,0.0423740476479004
1309,17,29,1,0.00527965227216136,9.3556134950011e-05
1310,17,30,3,0.0823384775793295,0.0823384775793295
1311,17,31,2,0.0549321028894012,0.00172766175065578
1312,17,32,4,0.0675043625914152,0.0675043625914152
1313,17,33,2,0.0752629226412765,0.0297463379202136
1314,17,34,4,0.0634857790761307,0.0634857790761307
1315,17,35,1,0.0146717263376452,0.000585247367618253
1316,17,36,5,0.05659250779173,0.05659250779173
1317,17,37,1,0.0627037802793471,8.387819772373e-05
1318,17,38,3,0.0610832992737613,0.0246872599275896
1319,17,39,5,0.0325581893997588,0.0325581893997588
1320,17,40,4,0.0232905279524982,0.0232905279524982
1321,17,41,1,0.0139658496591334,0.000509384664916097
1322,17,42,1,0.0630828533778364,0.00106787366829527
1323,17,43,3,0.0623301559287378,0.0393746446478461
1324,17,44,4,0.0461954469065879,0.0461954469065879
1325,17,45,1,0.0447930367116717,0.000911547156825571
1326,17,46,2,0.0238028172190059,0.00292293446767337
1327,17,47,3,0.0713217198047884,0.0713217198047884
1328,17,48,2,0.0285182851641415,0.000538859843912899
1329,17,49,2,0.0524491367310221,0.0159230694035269
1330,17,50,3,0.0818590897549643,0.0818590897549643
1331,17,51,5,0.0247697873694734,0.0247697873694734
1332,17,52,4,0.0566002613355833,0.0566002613355833
1333,17,53,4,0.0299033768737842,0.0299033768737842
1334,17,54,4,0.0657569595783984,0.0657569595783984
1335,17,55,5,0.0511961868101797,0.0511961868101797
1336,17,56,1,0.0311458449537344,0.000118480590868981
1337,17,57,2,0.0635384165260338,0.00181407458055684
1338,17,58,3,0.0671839381880992,0.0407916407972005
1339,17,59,3,0.0869487546858638,0.0869487546858638
1340,17,60,2,0.0391997820502947,0.0250364059972595
1341,17,61,5,0.0164163439029399,0.0164163439029399
1342,17,62,4,0.0404493946635086,0.0404493946635086
1343,17,63,1,0.0544382612745992,1.56107233640574e-05
1344,17,64,4,0.0962814414611262,0.0962814414611262
1345,17,65,1,0.0107121936328985,0.000193006118942851
1346,17,66,2,0.0238442466464831,0.0190638937667647
1347,17,67,1,0.0827462505605372,0.00692749921400415
1348,17,68,3,0.0739597198222986,0.0421139319799081
1349,17,69,3,0.0386563358217362,0.0212004756067125
1350,17,70,5,0.0647235648218571,0.0647235648218571
1351,17,71,4,0.0707049979822826,0.0707049979822826
1352,17,72,3,0.0509801813173573,0.0292796565619688
1353,17,73,3,0.0149968999255422,0.00641389772172949
1354,17,74,3,0.0303256231244445,0.00734571522249574
1355,17,75,1,0.0617060377406756,0.000111880409552416
1356,17,76,2,0.0375430864581755,0.000280699274681852
1357,17,77,1,0.0335061772933328,0.000832492171554149
1358,17,78,1,0.0621631685533319,0.000160480448303032
1359,17,79,2,0.0543066660343965,0.0211471648945772
1360,17,80,2,0.0321032810300515,0.00939826013485362
1361,18,1,1,0.0406664205630818,8.83637332995334e-05
1362,18,2,5,0.044268991377657,0.044268991377657
1363,18,3,5,0.0145836514980118,0.0145836514980118
1364,18,4,1,0.0389072616021349,0.00103805009247313
1365,18,5,2,0.0503506794588637,0.0260172379334751
1366,18,6,2,0.0595838597789049,0.019278141218051
1367,18,7,5,0.0935237105751081,0.0935237105751081
1368,18,8,1,0.0625410407860507,0.000128788792116491
1369,18,9,1,0.0677831138295781,0.00648984309119646
1370,18,10,5,0.0508072500379922,0.0508072500379922
1371,18,11,1,0.0307968752930709,0.000181580185197747
1372,18,12,1,0.0174578858084471,0.000694962242470472
1373,18,13,4,0.0457236491087806,0.0457236491087806
1374,18,14,1,0.0499000398458214,0.000213750384013985
1375,18,15,3,0.0642123468287113,0.0642123468287113
1376,18,16,3,0.0573260060480502,0.0573260060480502
1377,18,17,5,0.0582940312740973,0.0582940312740973
1378,18,18,3,0.0350738752470397,0.00550788734060951
1379,18,19,1,0.0452248557981786,0.000691260093850641
1380,18,20,1,0.0413845336747779,9.76648267660579e-05
1381,18,21,2,0.052607500689287,0.0131840494381624
1382,18,22,4,0.0676811148320232,0.0676811148320232
1383,18,23,4,0.0419345597920094,0.0419345597920094
1384,18,24,4,0.0580908092639535,0.0580908092639535
1385,18,25,5,0.0522510877883569,0.0522510877883569
1386,18,26,2,0.0532045951844043,0.0281096115035191
1387,18,27,1,0.0669480746810956,6.94047733153839e-05
1388,18,28,4,0.0415472603219499,0.0415472603219499
1389,18,29,3,0.0803316491318534,0.0803316491318534
1390,18,30,2,0.0812309390387317,0.0282730734010722
1391,18,31,5,0.0366586408536764,0.0366586408536764
1392,18,32,2,0.0508414286191751,0.0155797313435581
1393,18,33,3,0.0781075046478088,0.0781075046478088
1394,18,34,4,0.048326415502498,0.048326415502498
1395,18,35,5,0.05683099158312,0.05683099158312
1396,18,36,2,0.0276118920672805,0.00543504899285179
1397,18,37,3,0.0593358783597125,0.0392175622153286
1398,18,38,1,0.0406850788118712,0.000480238524873807
1399,18,39,2,0.09634076333457,0.0310926859856417
1400,18,40,4,0.0700440018381988,0.0700440018381988
1401,18,41,3,0.00871986922522767,0.00488859358018543
1402,18,42,1,0.0322873324068638,8.08611916603948e-05
1403,18,43,2,0.0402830142147675,0.0300302699467829
1404,18,44,4,0.0474190206980782,0.0474190206980782
1405,18,45,4,0.0492595455973548,0.0492595455973548
1406,18,46,2,0.0826935952179265,0.0160319201156385
1407,18,47,5,0.0309275586584575,0.0309275586584575
1408,18,48,3,0.0685672191783405,0.0354924965784399
1409,18,49,3,0.0499171638356429,0.0336505295034559
1410,18,50,3,0.0942136345641302,0.0691567078198687
1411,18,51,4,0.0719970589536348,0.0719970589536348
1412,18,52,2,0.0870097785431312,0.0268073397196885
1413,18,53,1,0.045028816106067,7.61988423571186e-05
1414,18,54,5,0.010433402819316,0.010433402819316
1415,18,55,4,0.0583965741711211,0.0583965741711211
1416,18,56,4,0.0316656529551364,0.0129865046519265
1417,18,57,5,0.0914504175743356,0.0914504175743356
1418,18,58,4,0.0481263561200276,0.028413181865498
1419,18,59,1,0.0930436849584174,1.50031662159745e-05
1420,18,60,4,0.0770340939323536,0.0770340939323536
1421,18,61,5,0.0533173273484817,0.0533173273484817
1422,18,62,4,0.0432313974062464,0.0226180540239325
1423,18,63,5,0.0879032443546285,0.0879032443546285
1424,18,64,3,0.0268108279297553,0.0178732384340283
1425,18,65,3,0.0510110596077614,0.0278029883633813
1426,18,66,2,0.0327270820115452,0.00528432679856074
1427,18,67,1,0.033485989082348,0.000241684074347676
1428,18,68,5,0.031795216412697,0.031795216412697
1429,18,69,4,0.0666351506756352,0.0666351506756352
1430,18,70,2,0.0217590703083798,0.000209572751816526
1431,18,71,5,0.0303271601538278,0.0303271601538278
1432,18,72,3,0.041799559171873,0.0108749654716347
1433,18,73,2,0.0554946164089916,0.000425366886308016
1434,18,74,3,0.0625490569043323,0.0392717672334197
1435,18,75,3,0.0657798360186726,0.0417826424993046
1436,18,76,5,0.06652663048205,0.06652663048205
1437,18,77,1,0.0279477456534679,0.000107006773895955
1438,18,78,3,0.0407031177324547,0.0407031177324547
1439,18,79,2,0.0346469757276105,0.0158052064763937
1440,18,80,2,0.0241185213686903,0.00248066814318425
1441,19,1,5,0.0780296971299209,0.0780296971299209
1442,19,2,5,0.0452830169163883,0.0452830169163883
1443,19,3,2,0.0218731532063834,0.00446104644647419
1444,19,4,1,0.0286501041832025,0.000283413147366567
1445,19,5,1,0.0381727899191616,0.00119114453807892
1446,19,6,1,0.0622135025790053,1.7705895345754e-05
1447,19,7,5,0.0431141189767184,0.0431141189767184
1448,19,8,3,0.0396571821578761,0.0206476721706001
1449,19,9,4,0.0831041840473266,0.0831041840473266
1451,19,11,2,0.0642340705295336,0.0193307625499071
1452,19,12,2,0.0655068343001245,0.0192061472451776
1453,19,13,4,0.05229628947689,0.05229628947689
1454,19,14,5,0.0107749566786505,0.0107749566786505
1455,19,15,1,0.0439112621068398,0.00187200682602417
1456,19,16,4,0.0193393393812234,0.0193393393812234
1457,19,17,5,0.0646033049881768,0.0646033049881768
1458,19,18,2,0.0485906564245958,0.0373007566875989
1459,19,19,1,0.0727115756037926,0.00132232034686125
1460,19,20,3,0.073286497223058,0.073286497223058
1461,19,21,5,0.0294466750355693,0.0294466750355693
1462,19,22,1,0.0198531922120911,0.000273247418309382
1463,19,23,5,0.0568660458919482,0.0568660458919482
1464,19,24,4,0.056380676936899,0.056380676936899
1465,19,25,5,0.0334544001188187,0.0334544001188187
1466,19,26,5,0.0227448393240163,0.0227448393240163
1467,19,27,4,0.0617800474559415,0.0617800474559415
1468,19,28,5,0.0718966448846203,0.0718966448846203
1469,19,29,2,0.0737736054177824,0.0349401603265972
1470,19,30,5,0.0376328649267125,0.0376328649267125
1471,19,31,4,0.0509683110466123,0.0509683110466123
1472,19,32,4,0.0427591915916266,0.0427591915916266
1473,19,33,3,0.069504712460149,0.069504712460149
1474,19,34,4,0.0415330620365735,0.0415330620365735
1475,19,35,5,0.0398546990541788,0.0398546990541788
1476,19,36,4,0.0445401250256359,0.0105142473253668
1477,19,37,4,0.0702660212198184,0.0702660212198184
1478,19,38,4,0.066238084921954,0.066238084921954
1479,19,39,5,0.0378445566808562,0.0378445566808562
1480,19,40,4,0.0307211460687342,0.0307211460687342
1481,19,41,1,0.0326479936363514,0.000139339312262148
1482,19,42,3,0.0680085689193095,0.0680085689193095
1483,19,43,4,0.0404152701615084,0.0204546700346579
1484,19,44,3,0.0597625751666812,0.0392448954817156
1485,19,45,5,0.0439872110570754,0.0439872110570754
1486,19,46,1,0.0327634505979765,1.42367745821272e-05
1487,19,47,2,0.0399984530622497,0.0031435862392217
1488,19,48,2,0.0687900640852628,0.0432413818407548
1489,19,49,3,0.074718228764457,0.074718228764457
1490,19,50,2,0.0538099183392377,0.00177625986864924
1491,19,51,1,0.0334120763118846,0.000423515250847639
1492,19,52,3,0.0510215446595199,0.0253168697530863
1493,19,53,3,0.0484586662499699,0.00594230234832933
1494,19,54,2,0.0521447184567803,0.0346688147174341
1495,19,55,1,0.0442742838088934,1.18602616818706e-05
1496,19,56,4,0.0156323731145502,0.0156323731145502
1497,19,57,2,0.0781692345334924,0.0299726310779478
1498,19,58,3,0.0122194341407744,0.00602670540488254
1499,19,59,1,0.0545516807464479,1.21387115260789e-05
1500,19,60,1,0.0274649844163034,0.000379440980517109
1501,19,61,3,0.0424256916342836,0.0223005614112689
1502,19,62,3,0.055205497203087,0.0267643278835005
1503,19,63,1,0.0447042293831065,1.06625136582577e-05
1504,19,64,1,0.0695844496357467,0.00703936463247305
1505,19,65,3,0.0812355494957434,0.0812355494957434
1506,19,66,5,0.0517633028609514,0.0517633028609514
1507,19,67,3,0.0115734825973461,0.00610407336449161
1508,19,68,2,0.0500416598818535,0.0291302816526343
1509,19,69,5,0.0793286811750442,0.0793286811750442
1510,19,70,1,0.0433443937536436,0.000784589861720927
1511,19,71,4,0.0753957201493723,0.0501777241530722
1512,19,72,3,0.0670538004447975,0.0300346145613262
1513,19,73,2,0.0238694072952253,0.00192394080489594
1514,19,74,1,0.0428374314033627,0.00179982508448655
1515,19,75,4,0.0649546234847551,0.0649546234847551
1516,19,76,2,0.0425253227084112,0.00175119067353296
1517,19,77,2,0.0466190662365297,0.0106011761462262
1518,19,78,3,0.0255928783858041,0.0133556365000179
1519,19,79,3,0.0493954208305013,0.0493954208305013
1520,19,80,2,0.0554909979225152,0.0141525960630512
1521,20,1,4,0.0363344017910933,0.0363344017910933
1522,20,2,2,0.0461639896404925,0.0131533754887788
1523,20,3,1,0.0341801219933992,0.00200243564172712
1524,20,4,3,0.0639097580583212,0.0639097580583212
1525,20,5,4,0.0302326215513599,0.0302326215513599
1526,20,6,1,0.0376124216284973,0.000250584530882596
1527,20,7,5,0.0372011429845794,0.0372011429845794
1528,20,8,5,0.0424709455929344,0.0424709455929344
1529,20,9,1,0.0535717204238295,1.69954890851475e-05
1530,20,10,5,0.0493656834233707,0.0493656834233707
1531,20,11,4,0.0615517202243723,0.0615517202243723
1532,20,12,1,0.0196584004438111,0.000119887443591765
1533,20,13,1,0.0367912560612451,9.14216034949087e-05
1534,20,14,4,0.053736719872152,0.053736719872152
1535,20,15,3,0.065098465483171,0.0389090166534761
1536,20,16,3,0.06171357725266,0.0340264654136383
1537,20,17,4,0.05064770242647,0.05064770242647
1538,20,18,5,0.0509880114191331,0.0509880114191331
1539,20,19,2,0.0714295005175412,0.0433668888359641
1540,20,20,1,0.0291960683921441,0.000778200190851202
1541,20,21,2,0.065482429609602,0.0168464475807126
1542,20,22,4,0.0264667776427802,0.0264667776427802
1543,20,23,4,0.0346068965707161,0.0346068965707161
1544,20,24,1,0.0487614888013743,0.000104551228488667
1545,20,25,4,0.070194722355525,0.070194722355525
1546,20,26,5,0.0287334711629856,0.0287334711629856
1547,20,27,4,0.0726507248039205,0.0726507248039205
1548,20,28,2,0.0520470555988125,0.0325345591752363
1549,20,29,3,0.0460550993338966,0.0219455224627103
1550,20,30,3,0.0346442737081295,0.00432860895954358
1551,20,31,3,0.0551325954166858,0.021892171375763
1552,20,32,5,0.0450425611972854,0.0450425611972854
1553,20,33,4,0.0589314851005121,0.0589314851005121
1554,20,34,2,0.04882372778293,0.0145075294087921
1555,20,35,1,0.0399067798592285,0.00131283503070291
1556,20,36,2,0.0327076025366706,0.0140884075667486
1557,20,37,3,0.0333842153282398,0.0333842153282398
1558,20,38,1,0.036730632682618,0.00177468868476332
1559,20,39,1,0.0443322132290926,0.000530766667783173
1560,20,40,5,0.0695690514268871,0.0695690514268871
1561,20,41,3,0.0617414402390237,0.0617414402390237
1562,20,42,1,0.0164911599653886,0.00117244420160567
1563,20,43,5,0.0440601483110861,0.0440601483110861
1564,20,44,5,0.0436054588766582,0.0436054588766582
1565,20,45,1,0.0456038643758736,0.000982059331220704
1566,20,46,3,0.0769611936257101,0.0455974737814995
1567,20,47,5,0.0626374732974769,0.0626374732974769
1568,20,48,3,0.0331776561508009,0.0230769031459902
1569,20,49,2,0.0104884054094246,0.00351084435828276
1570,20,50,4,0.0910363593063375,0.0910363593063375
1571,20,51,5,0.0578055432118148,0.0578055432118148
1572,20,52,3,0.0826795429325235,0.0826795429325235
1573,20,53,1,0.0551075432567246,1.14175197071549e-05
1574,20,54,2,0.044951779142739,0.0110301675817746
1575,20,55,5,0.0387118758122569,0.0387118758122569
1576,20,56,2,0.0336029015020824,0.0203801116149349
1577,20,57,5,0.019132013297776,0.019132013297776
1578,20,58,2,0.0357158295256512,0.000880768627115879
1579,20,59,4,0.0444192959534153,0.0444192959534153
1580,20,60,2,0.028313889613366,0.0206586027850439
1581,20,61,3,0.0791731572990151,0.0791731572990151
1582,20,62,4,0.0561250929361987,0.0561250929361987
1583,20,63,5,0.047412143253663,0.047412143253663
1584,20,64,5,0.031644985401336,0.031644985401336
1585,20,65,5,0.0360553549597399,0.0360553549597399
1586,20,66,2,0.0571343141289172,0.0326049357542315
1587,20,67,2,0.0343318818425053,0.00213678243359238
1588,20,68,4,0.06783985126837,0.06783985126837
1589,20,69,3,0.0487288751679456,0.0487288751679456
1590,20,70,2,0.0362083242777843,0.016137356437876
1591,20,71,2,0.0988244253708339,0.0276365263133528
1592,20,72,1,0.036999734953224,0.000214427096544803
1593,20,73,3,0.0465939750623588,0.0303758051047961
1594,20,74,3,0.0611065181236815,0.0431239324018954
1595,20,75,3,0.0230577881321131,0.0137926384535248
1596,20,76,4,0.0735732249332447,0.0735732249332447
1597,20,77,1,0.0479730936877723,0.000994195397874584
1598,20,78,1,0.0414037420901664,5.90649542998808e-06
1599,20,79,4,0.0678506728630945,0.0678506728630945
1600,20,80,2,0.0756711141190232,0.0514907898204971
1601,21,1,1,0.00791124694355992,0.000700637537826398
1602,21,2,3,0.0234929812421168,0.0133657826570762
1603,21,3,1,0.0585749716045487,3.87314208270522e-05
1604,21,4,1,0.0426548146137122,0.00145820762782012
1605,21,5,2,0.0307096263943302,0.000926116108989385
1606,21,6,5,0.0366634799266094,0.0366634799266094
1607,21,7,4,0.0640313883994233,0.0640313883994233
1608,21,8,5,0.0706393015670222,0.0706393015670222
1609,21,9,4,0.0318146833265583,0.0318146833265583
1610,21,10,3,0.0531325652570294,0.0531325652570294
1611,21,11,2,0.0603583896479506,0.0318895801835116
1612,21,12,3,0.0670784145752291,0.0670784145752291
1613,21,13,3,0.0671606031083296,0.0521392864636227
1614,21,14,4,0.0405114249885807,0.0139043742509767
1615,21,15,2,0.0554380875760021,0.0126626777737069
1616,21,16,2,0.0584045643042436,0.0162444977931108
1617,21,17,4,0.080908218974435,0.080908218974435
1618,21,18,5,0.036124268334831,0.036124268334831
1619,21,19,3,0.0426920768057926,0.0262935381931857
1620,21,20,4,0.0710034711403341,0.0710034711403341
1621,21,21,5,0.0780418520908986,0.0780418520908986
1622,21,22,1,0.04979573119002,0.000168129772555879
1623,21,23,3,0.0579940677283646,0.0312564517175682
1624,21,24,4,0.0642951435556597,0.0642951435556597
1625,21,25,1,0.0369597917089614,0.000893915434049572
1626,21,26,2,0.0248507909179369,0.00330354628989227
1627,21,27,5,0.04333161177277,0.04333161177277
1628,21,28,2,0.0414523817597117,0.00554317818307246
1629,21,29,2,0.0751332067813956,0.0401101049941603
1630,21,30,3,0.0745258032868909,0.0745258032868909
1631,21,31,3,0.0745468536130837,0.0454651556392964
1632,21,32,1,0.0332694242166569,0.000198415767836455
1633,21,33,3,0.0271423530247262,0.0110898758792084
1634,21,34,5,0.039866290927094,0.039866290927094
1635,21,35,1,0.0148113966927275,0.000126965371986335
1636,21,36,3,0.0444360866915859,0.02095767221712
1637,21,37,3,0.0457654607796817,0.00724718128885742
1638,21,38,1,0.0547527764325456,0.0008251710636682
1639,21,39,4,0.0796017927061028,0.0796017927061028
1640,21,40,4,0.0285713299434517,0.0285713299434517
1641,21,41,5,0.068586273480439,0.068586273480439
1642,21,42,1,0.0326871226038304,0.000147577367086051
1643,21,43,5,0.0726351827692911,0.0726351827692911
1644,21,44,3,0.0679448294626537,0.0679448294626537
1645,21,45,3,0.0321244027668297,0.0130362307742737
1646,21,46,5,0.0161122665661248,0.0161122665661248
1647,21,47,2,0.0498808567970588,0.0263220186423933
1648,21,48,2,0.0396021329589178,0.00124021713106179
1649,21,49,2,0.0544920874809645,0.0123242558287264
1650,21,50,4,0.0259136155926498,0.0259136155926498
1651,21,51,3,0.0620480742282377,0.02925522574185
1652,21,52,4,0.0527527995761908,0.0527527995761908
1653,21,53,4,0.062288708390217,0.062288708390217
1654,21,54,2,0.0427413897488848,0.00224270476030045
1655,21,55,1,0.0343426515912687,0.000100303526510307
1656,21,56,1,0.0434434131731496,0.00106076926888641
1657,21,57,2,0.0253158284903975,0.00353976579310229
1658,21,58,1,0.0787488087850279,0.00011643142592262
1659,21,59,5,0.0152539727804725,0.0152539727804725
1660,21,60,2,0.0674777054596719,0.0124956859440519
1661,21,61,5,0.0380338993524304,0.0380338993524304
1662,21,62,5,0.0525118332405746,0.0525118332405746
1663,21,63,2,0.045668447374109,0.0159475089321902
1664,21,64,4,0.0680143141576857,0.0680143141576857
1665,21,65,3,0.0762375322614652,0.0762375322614652
1666,21,66,5,0.0614168216717802,0.0614168216717802
1667,21,67,4,0.0256943151667667,0.0256943151667667
1668,21,68,1,0.0375379889980194,8.06235802932709e-05
1669,21,69,4,0.0120130483183255,0.00495092881339336
1670,21,70,5,0.0388034848753315,0.0388034848753315
1671,21,71,1,0.0522819786402403,8.67878322255259e-05
1672,21,72,5,0.0591485902867342,0.0591485902867342
1673,21,73,3,0.0767814536075996,0.0767814536075996
1674,21,74,1,0.0641183146162486,8.71361873666127e-05
1675,21,75,4,0.0575437181564397,0.0575437181564397
1676,21,76,2,0.0630612193179942,0.0302260539273423
1677,21,77,4,0.0501935901300309,0.0501935901300309
1678,21,78,1,0.0403998088045905,0.000616769405282142
1679,21,79,2,0.0508891458472539,0.00385122465454337
1680,21,80,5,0.0272228020610642,0.0272228020610642
1681,22,1,3,0.0316950347947899,0.0276841399809965
1682,22,2,5,0.0219321365775593,0.0219321365775593
1683,22,3,3,0.059540374111654,0.059540374111654
1684,22,4,2,0.0414950991654596,0.00127607205285659
1685,22,5,5,0.0243303964666055,0.0243303964666055
1686,22,6,4,0.0279724372138596,0.0279724372138596
1687,22,7,2,0.0241307182495768,0.00111928898979515
1688,22,8,1,0.0197398407437905,0.000101819772687434
1689,22,9,1,0.0323815825430014,0.00105172955081561
1690,22,10,3,0.0525932377661016,0.0294820322800612
1691,22,11,3,0.0366071136531709,0.0114026695807575
1692,22,12,3,0.0451404083703962,0.0267897245547295
1693,22,13,4,0.0574495964997927,0.0574495964997927
1694,22,14,2,0.0592825581457732,0.0178492619791037
1695,22,15,5,0.0354126473883364,0.0354126473883364
1696,22,16,5,0.0586186485655217,0.0586186485655217
1697,22,17,3,0.0553439544724909,0.0167173902028399
1698,22,18,2,0.0922465380857791,0.0385820886530964
1699,22,19,4,0.0623455138178759,0.0623455138178759
1700,22,20,1,0.0484536008549857,6.04721054839214e-05
1701,22,21,2,0.0399371787051786,0.000162031078075735
1702,22,22,1,0.0647053092290537,0.000567639295673069
1703,22,23,4,0.0629505911362357,0.0629505911362357
1704,22,24,1,0.0231626424251618,0.000666490182853562
1705,22,25,1,0.036100166162075,0.00111024039862657
1706,22,26,3,0.0657172024552257,0.0657172024552257
1707,22,27,4,0.0573236064970687,0.0573236064970687
1708,22,28,5,0.0502633703475067,0.0502633703475067
1709,22,29,4,0.0570315913889082,0.0570315913889082
1710,22,30,3,0.0195648771915609,0.00510404796838669
1711,22,31,2,0.0560767692246269,0.0175809187613439
1712,22,32,4,0.0305763568849637,0.00691730138135103
1713,22,33,5,0.0853493319266384,0.0853493319266384
1714,22,34,5,0.07609184725676,0.07609184725676
1715,22,35,2,0.04320857338538,0.0258131233310978
1716,22,36,3,0.0297528808181184,0.00478831712594304
1717,22,37,1,0.0326598903217752,0.00172927547147489
1718,22,38,3,0.0453363883990293,0.0320423787518265
1719,22,39,5,0.0621287535740262,0.0621287535740262
1720,22,40,1,0.0398341044812718,7.45655840973089e-05
1721,22,41,1,0.0185847285426642,0.000284597884350962
1722,22,42,4,0.0600457971803373,0.0600457971803373
1723,22,43,3,0.0312570877900139,0.009832502311126
1724,22,44,3,0.0265917001488922,0.00619061908879373
1725,22,45,2,0.0299417238166239,0.00132138374873158
1726,22,46,2,0.0434892263830169,0.00137021690771847
1727,22,47,4,0.0568344241590502,0.0260632532877062
1728,22,48,5,0.0343923943581315,0.0343923943581315
1729,22,49,2,0.0716199093187,0.0332104450727129
1730,22,50,4,0.0550797928917584,0.0550797928917584
1731,22,51,3,0.0612001776215255,0.0333435642139653
1732,22,52,2,0.0669954889250746,0.016631476624099
1733,22,53,1,0.0303525279692306,0.00114539679619384
1734,22,54,4,0.0419420106190876,0.0419420106190876
1735,22,55,5,0.0624871381844363,0.0624871381844363
1736,22,56,5,0.0343942483894963,0.0343942483894963
1737,22,57,1,0.0476437521787093,0.00186602251153666
1738,22,58,4,0.037001622756485,0.0125359759974932
1739,22,59,4,0.0399137112300633,0.0399137112300633
1740,22,60,1,0.0535435162811577,0.00116010053299885
1741,22,61,3,0.0650458761751059,0.025760173144258
1742,22,62,5,0.0283895496569668,0.0283895496569668
1743,22,63,3,0.0755739893573452,0.0755739893573452
1744,22,64,5,0.0315421919660079,0.0315421919660079
1745,22,65,2,0.0298614777207302,0.00489423398675313
1746,22,66,2,0.0268693079153355,0.00151987082600157
1747,22,67,1,0.0446225733544584,5.1571729789267e-05
1748,22,68,2,0.0726297803646912,0.0438241145684838
1749,22,69,1,0.0527319565778841,0.00103750582314569
1750,22,70,1,0.0383832599898077,0.000105995196710962
1751,22,71,4,0.0516119568821294,0.0516119568821294
1752,22,72,3,0.0566466588621091,0.0294600215887558
1753,22,73,5,0.0463754471728372,0.0463754471728372
1754,22,74,2,0.0559571622823302,0.000829263332189752
1755,22,75,5,0.0478012484597013,0.0478012484597013
1756,22,76,2,0.0580750437669568,0.036712429530509
1757,22,77,1,0.0730981086939975,0.000126669375972072
1758,22,78,4,0.0808935546159443,0.0808935546159443
1759,22,79,5,0.0294707852875094,0.0294707852875094
1760,22,80,4,0.0650766172889328,0.0650766172889328
1761,23,1,5,0.0686040577162811,0.0686040577162811
1762,23,2,5,0.0524045912243817,0.0524045912243817
1763,23,3,2,0.0262793519431381,0.00165836562303719
1764,23,4,5,0.035369659039787,0.035369659039787
1765,23,5,2,0.0635340699344795,0.0390540654966887
1768,23,8,2,0.0440989712904659,0.0209413533367111
1769,23,9,5,0.0828194295688954,0.0828194295688954
1770,23,10,3,0.051291692560969,0.051291692560969
1771,23,11,3,0.0328571287225619,0.00872854955761409
1772,23,12,3,0.0752436937841102,0.0752436937841102
1773,23,13,5,0.0231735340276045,0.0231735340276045
1774,23,14,1,0.0706982578353654,8.57599636500556e-05
1775,23,15,3,0.0789340240446313,0.0376611474179808
1776,23,16,3,0.0376819225565744,0.0095398955387913
1777,23,17,5,0.0520186925982696,0.0520186925982696
1778,23,18,1,0.0228261981597853,0.00123147627329611
1779,23,19,3,0.06681010870718,0.06681010870718
1780,23,20,3,0.0577694291590898,0.0318514600291247
1781,23,21,2,0.0706059322540092,0.00234540386165472
1782,23,22,5,0.0738115894728133,0.0738115894728133
1783,23,23,3,0.0348270009845041,0.0235928325797531
1784,23,24,4,0.0457800761485493,0.0457800761485493
1785,23,25,3,0.0754943456152747,0.0447909714097434
1786,23,26,4,0.0560274457666596,0.0560274457666596
1787,23,27,4,0.0234539313804979,0.0103548414735971
1788,23,28,1,0.0131482559561381,0.000106129612044891
1789,23,29,1,0.0495164810664729,0.00130309191780323
1790,23,30,3,0.0439463235307815,0.0315335548394338
1791,23,31,4,0.0415527918617426,0.0245490355795517
1792,23,32,4,0.0403962111646768,0.0403962111646768
1793,23,33,2,0.0317175444909221,0.00216870105406177
1794,23,34,5,0.0423482493421934,0.0423482493421934
1795,23,35,5,0.0653618344242096,0.0653618344242096
1796,23,36,4,0.0466394177027385,0.0466394177027385
1797,23,37,3,0.0792031526250345,0.0792031526250345
1798,23,38,3,0.0109704669841881,0.00814519368452031
1799,23,39,1,0.0205133522682618,8.94216615589627e-05
1800,23,40,1,0.0215029620737772,0.00014476445629566
1801,23,41,1,0.0289939550854248,9.38110099136048e-05
1802,23,42,2,0.0664553205120291,0.0350949146734154
1803,23,43,2,0.0545467297924257,0.000487036128694339
1804,23,44,5,0.0197935427690953,0.0197935427690953
1805,23,45,2,0.00763489809631656,0.00371116244780796
1806,23,46,2,0.0680541614821601,0.01554660168868
1807,23,47,5,0.0517475511483092,0.0517475511483092
1808,23,48,1,0.0254396299674877,8.94934438576139e-05
1809,23,49,1,0.0167314096490498,0.000220056801128367
1810,23,50,2,0.0749686042474735,0.0378052390822148
1811,23,51,4,0.0600920444713181,0.0600920444713181
1812,23,52,4,0.0282954013473887,0.00663064784276607
1813,23,53,5,0.0251324144892474,0.0251324144892474
1814,23,54,3,0.0214626186035744,0.0027719257291013
1815,23,55,1,0.0626849889201207,0.00165661081200752
1816,23,56,4,0.0517200280706913,0.0517200280706913
1817,23,57,1,0.0528744055920514,1.11079269196423e-05
1818,23,58,2,0.0297749848946407,0.0137837634319704
1819,23,59,4,0.0810778561142838,0.0810778561142838
1820,23,60,2,0.0577069342152773,0.0178642278947749
1821,23,61,1,0.0569493759331089,0.000496532351381976
1822,23,62,4,0.0689016678698774,0.0689016678698774
1823,23,63,3,0.0650483805808872,0.0650483805808872
1824,23,64,4,0.0883603651874924,0.0386320675514914
1825,23,65,4,0.0679803252731521,0.0679803252731521
1826,23,66,1,0.0562811248447024,0.00274596661052072
1827,23,67,4,0.064000175624,0.064000175624
1828,23,68,3,0.0680152479431749,0.0350736874862817
1829,23,69,4,0.0266710651747037,0.0266710651747037
1830,23,70,2,0.0722780587154096,0.0178763551425657
1831,23,71,4,0.080006323751577,0.080006323751577
1832,23,72,5,0.0475947252569637,0.0475947252569637
1833,23,73,1,0.0371365639853177,0.000110289247453607
1834,23,74,5,0.0440909147371598,0.0440909147371598
1835,23,75,1,0.0248604301436689,0.0017112487575121
1836,23,76,2,0.0459975970086095,0.0120437215874603
1837,23,77,2,0.0649195043154874,0.0390402978197737
1838,23,78,3,0.0414164398419352,0.00976004360403885
1839,23,79,1,0.0413689893172462,0.000735757620635451
1840,23,80,2,0.0436772798863999,0.0161802241985961
1841,24,1,1,0.0140359365013724,7.6572535240349e-05
1842,24,2,3,0.0578801027663516,0.0382483611333814
1843,24,3,4,0.0503184668979057,0.0503184668979057
1844,24,4,1,0.0611715935324803,0.000939002882223201
1845,24,5,1,0.044584080071401,1.05547582128537e-05
1846,24,6,5,0.0070307135297426,0.0070307135297426
1847,24,7,1,0.0744697747045053,0.000823959463496418
1848,24,8,3,0.0699392447451005,0.042628158159129
1849,24,9,4,0.0590700001280328,0.0590700001280328
1850,24,10,3,0.0751854897306763,0.0751854897306763
1851,24,11,4,0.0543557556349166,0.0543557556349166
1852,24,12,5,0.0343772125605495,0.0343772125605495
1853,24,13,5,0.0445794819806499,0.0445794819806499
1854,24,14,2,0.0423632032446021,0.00084182348584468
1855,24,15,2,0.0705740621774767,0.0164522799850421
1856,24,16,4,0.063848894676807,0.063848894676807
1857,24,17,3,0.0302085471598376,0.0142386099296059
1858,24,18,1,0.0848119736453618,0.00287444883402787
1859,24,19,2,0.0708955110934047,0.035334622629152
1860,24,20,3,0.0218142701229024,0.00762752862296914
1861,24,21,1,0.0566915964514945,0.00171473740764647
1862,24,22,4,0.0374447894667,0.00974008609906951
1863,24,23,3,0.0150406695280475,0.0056983040415162
1864,24,24,4,0.0429725494105399,0.0429725494105399
1865,24,25,2,0.0307894092657185,0.00127996855472079
1866,24,26,1,0.0622724451777311,8.70787358917092e-05
1867,24,27,3,0.0588751906492037,0.0304279509366834
1868,24,28,2,0.0320751744841938,0.0017070142583466
1869,24,29,3,0.0244287225972855,0.00702248249415194
1870,24,30,4,0.0525859858292916,0.0525859858292916
1871,24,31,2,0.0624784465055428,0.0172967955691059
1872,24,32,1,0.0386310393245312,0.0019133649348326
1873,24,33,1,0.0478175216345554,0.000188631491621831
1874,24,34,3,0.0798053724284864,0.0575114690318169
1875,24,35,5,0.0283570896006722,0.0283570896006722
1876,24,36,2,0.0566620277786251,0.0259943076960165
1877,24,37,4,0.0420009470512147,0.0420009470512147
1878,24,38,1,0.0146800807809387,0.000882542571344915
1879,24,39,5,0.031027623859587,0.031027623859587
1880,24,40,2,0.032407697131384,0.0266079258277593
1881,24,41,3,0.0707293862229576,0.0707293862229576
1882,24,42,2,0.071409860967975,0.00979995503479068
1883,24,43,1,0.0278250523916732,0.000204777335328678
1884,24,44,3,0.0641928566447748,0.0641928566447748
1885,24,45,4,0.0523707406219749,0.0357806845913451
1886,24,46,5,0.0568167524438338,0.0568167524438338
1887,24,47,2,0.0362461645505377,0.0174158648913302
1888,24,48,5,0.0504913521399687,0.0504913521399687
1889,24,49,2,0.0427651134596123,0.0231786478691181
1890,24,50,2,0.0194823579161191,0.001322210458275
1891,24,51,4,0.0366661129858572,0.0366661129858572
1892,24,52,4,0.0667776994247371,0.0667776994247371
1893,24,53,2,0.0279402401556655,0.00230258378366002
1894,24,54,1,0.0616157520492265,7.03207650564357e-05
1895,24,55,5,0.0569526638701545,0.0569526638701545
1896,24,56,5,0.0389111979413204,0.0389111979413204
1897,24,57,4,0.072463019388595,0.072463019388595
1898,24,58,5,0.0541391328422076,0.0541391328422076
1899,24,59,2,0.0664780317726377,0.0289350442757302
1900,24,60,1,0.0554205243561124,0.00283435109314291
1901,24,61,3,0.0636531256633912,0.031971983104642
1902,24,62,5,0.0321129372127913,0.0321129372127913
1903,24,63,5,0.0327924867154262,0.0327924867154262
1904,24,64,5,0.0490560550968863,0.0490560550968863
1905,24,65,5,0.0363430404846279,0.0363430404846279
1906,24,66,1,0.0348237646502026,0.000499503853034428
1907,24,67,4,0.0890059379804074,0.0890059379804074
1908,24,68,1,0.0506393985355407,0.00194706640579214
1909,24,69,3,0.00740829267385416,0.00740829267385416
1910,24,70,2,0.0496042380402156,0.00171878196516594
1911,24,71,4,0.0943449514788573,0.0943449514788573
1912,24,72,4,0.0642892745458354,0.0642892745458354
1913,24,73,2,0.0468478943453945,0.000497905565128153
1914,24,74,5,0.0733662531453115,0.0733662531453115
1915,24,75,5,0.0601575862275156,0.0601575862275156
1916,24,76,3,0.0946580239878793,0.0420020244409385
1917,24,77,1,0.0290267280337906,0.000279218357723056
1918,24,78,4,0.0318942143264423,0.0318942143264423
1919,24,79,3,0.0710262675915024,0.0710262675915024
1920,24,80,3,0.0675599501038391,0.0410699541534462
1921,25,1,4,0.0813078992121217,0.0813078992121217
1922,25,2,5,0.0362736823134807,0.0362736823134807
1923,25,3,1,0.065245622528073,0.000949750631215362
1924,25,4,1,0.0499761870291204,0.0019935141911247
1925,25,5,3,0.0958680903643879,0.0548194873510187
1926,25,6,2,0.0310590744255225,0.00132050512138835
1927,25,7,4,0.082663601136843,0.082663601136843
1928,25,8,5,0.0518191484008841,0.0518191484008841
1929,25,9,1,0.0594720777006336,9.15311908212353e-05
1930,25,10,1,0.0357780363047179,0.000134656749178392
1931,25,11,2,0.0568785619502429,0.0182746461774359
1932,25,12,2,0.0465411933086111,0.0129058462289348
1933,25,13,4,0.044638113461785,0.044638113461785
1934,25,14,4,0.0427045764605854,0.0427045764605854
1935,25,15,3,0.0926800918656759,0.055436523022572
1936,25,16,2,0.0466950460979764,0.0168493433735755
1937,25,17,3,0.0206097849852887,0.00991208633344625
1938,25,18,1,0.0663472348887988,0.000556058133983044
1939,25,19,3,0.035299259636114,0.0256604586983702
1940,25,20,2,0.043156108435965,0.00274013507605102
1941,25,21,2,0.0500325318036524,0.0038366412745061
1942,25,22,2,0.022385062242875,0.00250479285726723
1943,25,23,1,0.0643730519566674,0.000519514481802117
1944,25,24,2,0.0519944776560742,0.0260402929804861
1945,25,25,4,0.0567978590993956,0.0567978590993956
1946,25,26,4,0.0800970012074463,0.0800970012074463
1947,25,27,5,0.0509355327366624,0.0509355327366624
1948,25,28,5,0.0633171478657609,0.0633171478657609
1949,25,29,5,0.0435404370706568,0.0435404370706568
1950,25,30,3,0.0845324162363232,0.0845324162363232
1951,25,31,2,0.0431175313995207,0.0146226128432818
1952,25,32,1,0.0271324827090973,4.03888168460686e-05
1953,25,33,1,0.073023495016954,0.00460298378535115
1954,25,34,1,0.0452509344576478,1.1871286690938e-05
1955,25,35,4,0.0637562718579222,0.0637562718579222
1956,25,36,5,0.0748652740074085,0.0748652740074085
1957,25,37,3,0.0751921092457126,0.0457747077268095
1958,25,38,2,0.0867275976311588,0.0282514344858552
1959,25,39,3,0.077976945786417,0.077976945786417
1960,25,40,3,0.0279351205423519,0.0279351205423519
1961,25,41,4,0.0683034142308104,0.0683034142308104
1962,25,42,4,0.0434210176911834,0.0434210176911834
1963,25,43,5,0.0562077201338515,0.0562077201338515
1964,25,44,5,0.0797718824417517,0.0797718824417517
1965,25,45,3,0.0617416893081087,0.0288706982914013
1966,25,46,1,0.0190754460841013,0.000440256538309316
1967,25,47,1,0.0268406809043014,0.00133725660802697
1968,25,48,4,0.0998379491467605,0.0998379491467605
1969,25,49,1,0.0183739532638625,0.000233379359414495
1970,25,50,2,0.0417028917312852,0.00555257411241634
1971,25,51,5,0.0778377799958978,0.0778377799958978
1972,25,52,3,0.0210031014644568,0.00984717883373714
1973,25,53,2,0.0733447793426538,0.0404080862493938
1974,25,54,5,0.0629221434667742,0.0629221434667742
1975,25,55,2,0.0726988589740109,0.00823724241846361
1976,25,56,5,0.0430247265496915,0.0430247265496915
1977,25,57,1,0.0572199383251173,0.000804796166393181
1978,25,58,4,0.0632543029177473,0.0632543029177473
1979,25,59,4,0.0508381128347111,0.0508381128347111
1980,25,60,3,0.0609515958380301,0.0609515958380301
1981,25,61,3,0.0720474764161563,0.0720474764161563
1982,25,62,2,0.068057128038737,0.0442823605933126
1983,25,63,5,0.0339102289215563,0.0339102289215563
1984,25,64,5,0.0547010531905463,0.0547010531905463
1985,25,65,3,0.0404774729251483,0.0135621699554841
1986,25,66,5,0.0717391584327113,0.0717391584327113
1987,25,67,2,0.0695259321140515,0.0260029933698291
1988,25,68,2,0.0344253392516736,0.000984573091858421
1989,25,69,3,0.0523488897428453,0.0382030230567631
1990,25,70,4,0.0628354953693553,0.0628354953693553
1991,25,71,1,0.0323975748041604,7.9676225830008e-05
1992,25,72,4,0.0683357078323088,0.0683357078323088
1993,25,73,1,0.0318101576294936,7.06384810110774e-05
1994,25,74,5,0.0347336885212939,0.0347336885212939
1995,25,75,1,0.0584388064230126,0.000859569826703209
1996,25,76,4,0.0589493643918859,0.0589493643918859
1997,25,77,5,0.0647340773605173,0.0647340773605173
1998,25,78,3,0.0432591148422752,0.0237892930637129
2000,25,80,3,0.0329190502743734,0.0106632206463063
