3,1,3,4,0.0676565027144814,0.0676565027144814
4,1,4,5,0.0418762001393455,0.0418762001393455
5,1,5,3,0.0461743437261627,0.0299294514984606
6,1,6,2,0.0143072662924381,0.003787547380144
7,1,7,5,0.0618717276428386,0.0618717276428386
8,1,8,2,0.0754926430442159,0.031162652727277
9,1,9,4,0.0489923452354143,0.0489923452354143
10,1,10,4,0.0562293219117153,0.0562293219117153
11,1,11,3,0.0261532885520368,0.0261532885520368
12,1,12,1,0.0545907906040411,0.00483893593935548
13,1,13,3,0.084839406656327,0.0534479445268566
14,1,14,4,0.0687434959236303,0.0687434959236303
15,1,15,4,0.0730314801887766,0.0730314801887766
16,1,16,1,0.0205057399276021,0.000397873075018511
17,1,17,5,0.0618209427453763,0.0618209427453763
18,1,18,5,0.0188746029079212,0.0188746029079212
19,1,19,3,0.0337255391183589,0.0194810392704695
20,1,20,1,0.031701853103311,0.000481656418009173
21,1,21,3,0.0274973951807042,0.00368035080680058
22,1,22,2,0.0245659464277474,0.0180337875944229
23,1,23,1,0.0272372959585883,9.35793469698631e-05
24,1,24,2,0.0477778923532992,0.0312054342554172
25,1,25,3,0.0345556215434491,0.0222050599778042
26,1,26,1,0.0467747118970879,0.00140979727886788
27,1,27,3,0.0575346206015383,0.0575346206015383
28,1,28,1,0.0278224174822014,0.00118769536873833
29,1,29,4,0.0755252317966656,0.0755252317966656
30,1,30,2,0.0250392468636468,0.0019804068300539
31,1,31,2,0.0516231949450745,0.00793048349809935
32,1,32,3,0.0541239515376119,0.0355213571013767
33,1,33,2,0.0479730936877723,0.0024850944061771
34,1,34,1,0.0152322894943211,0.00222887492719188
35,1,35,5,0.0432913091245786,0.0432913091245786
36,1,36,5,0.0299607216681885,0.0299607216681885
37,1,37,5,0.043194161041591,0.043194161041591
38,1,38,5,0.0672120232280875,0.0672120232280875
39,1,39,4,0.0397869846418927,0.0169604145881376
40,1,40,5,0.0238631896349715,0.0238631896349715
41,1,41,5,0.0532540541142241,0.0532540541142241
42,1,42,5,0.0606960563347241,0.0606960563347241
43,1,43,5,0.0259632574408374,0.0259632574408374
44,1,44,5,0.0479348716042249,0.0479348716042249
45,1,45,3,0.0493568666160474,0.0156462627380727
46,1,46,1,0.0426975636421804,3.01025897890626e-05
47,1,47,1,0.043864567283621,6.46857907367806e-05
48,1,48,2,0.0480358323829681,0.0118656117804253
49,1,49,5,0.014669045460464,0.014669045460464
51,1,51,1,0.00749471283821395,0.00109643304801242
52,1,52,3,0.0536822868285342,0.0270034722190145
53,1,53,2,0.0187928675295823,0.0038962741823458
54,1,54,4,0.0261140744619803,0.0261140744619803
55,1,55,1,0.0262530464294147,9.7342962123825e-06
57,1,57,2,0.0195646378663156,0.0022830895445886
58,1,58,2,0.041869240081125,0.019273440671569
59,1,59,5,0.0333035756211515,0.0333035756211515
60,1,60,3,0.073056970597909,0.0515164609724211
61,1,61,5,0.015559337729961,0.015559337729961
62,1,62,2,0.0610186672404281,0.0154096718132904
63,1,63,1,0.0568274649400567,8.30270211264347e-05
64,1,64,4,0.0607141557855965,0.0607141557855965
65,1,65,4,0.0458604877049002,0.0241599629495117
66,1,66,2,0.010655420956467,0.0015618456440191
67,1,67,1,0.0234314821356089,0.000185318728259441
68,1,68,4,0.0722221663662966,0.0722221663662966
69,1,69,3,0.0143641339899896,0.00548272155767576
70,1,70,2,0.0580981112040066,0.0248243730648698
71,1,71,1,0.0417824432242618,1.1606742817962e-05
72,1,72,2,0.0691617734467671,0.0135738122356898
73,1,73,3,0.0299909711264262,0.00718540529311305
74,1,74,3,0.0690031453248329,0.0690031453248329
75,1,75,4,0.0630496363217989,0.0630496363217989
76,1,76,4,0.0382923436175567,0.0382923436175567
77,1,77,4,0.0616393071180189,0.0616393071180189
78,1,78,3,0.0212410167737091,0.00503052040276208
79,1,79,3,0.0655594257071102,0.0655594257071102
80,1,80,4,0.0522829706823162,0.0296353536657156
81,2,1,3,0.0141111340606715,0.00689912302153554
82,2,2,1,0.0277912744109329,0.000154256576596726
83,2,3,2,0.0475912594899687,0.0290320839814758
84,2,4,5,0.0550365085321579,0.0550365085321579
85,2,5,4,0.0380594038077992,0.0380594038077992
86,2,6,4,0.0617817487226151,0.0617817487226151
87,2,7,4,0.0679161050084466,0.0679161050084466
88,2,8,1,0.0666375449435408,0.00209791042025542
89,2,9,3,0.0468421052686846,0.0291675423179422
90,2,10,4,0.0586123331575956,0.0357629827520224
91,2,11,2,0.0500767669824672,0.0238761981931589
92,2,12,3,0.0821555949226972,0.0528201483913211
93,2,13,2,0.0129612790746289,0.00389753668454331
94,2,14,1,0.0481865067071084,0.00127054095677456
95,2,15,4,0.0198069433997326,0.0198069433997326
96,2,16,5,0.088910767827545,0.088910767827545
97,2,17,5,0.0504421714548764,0.0504421714548764
98,2,18,1,0.05274304099572,1.15111566633358e-05
99,2,19,1,0.0245895818153925,0.000228008873386319
100,2,20,2,0.0865636497332104,0.0312180231128409
101,2,21,1,0.0532723327135121,7.55807355329899e-05
102,2,22,2,0.015797004230538,0.00222047097598948
103,2,23,3,0.0494759054216179,0.0241856632193636
104,2,24,3,0.0573756977918732,0.0309978446168016
106,2,26,2,0.0480926577851202,0.0200532589889907
107,2,27,4,0.0469764746764814,0.0469764746764814
108,2,28,2,0.0355626641460937,0.0122478999715116
109,2,29,4,0.0687472209035359,0.0687472209035359
111,2,31,5,0.0608378378474193,0.0608378378474193
112,2,32,5,0.0281122099840596,0.0281122099840596
113,2,33,5,0.0390801403823757,0.0390801403823757
114,2,34,5,0.0553038833781815,0.0553038833781815
115,2,35,3,0.0408963607690855,0.0159464333073224
116,2,36,1,0.0437270991226131,0.000901794687524378
117,2,37,5,0.0576291786231881,0.0576291786231881
118,2,38,4,0.0769276684611115,0.0769276684611115
119,2,39,1,0.0285336624169453,1.9788170813682e-05
120,2,40,4,0.0655254278418602,0.0655254278418602
121,2,41,1,0.0132667669292951,0.00305181973759446
122,2,42,4,0.0594233181469321,0.0594233181469321
124,2,44,2,0.0351099683507879,0.0239890078390009
125,2,45,3,0.0507894041177272,0.0330264640756066
126,2,46,2,0.0334612683130321,0.00204589983132496
127,2,47,5,0.077897486177773,0.077897486177773
128,2,48,1,0.0676219223586845,0.000770006026166006
129,2,49,1,0.0438473781556589,1.00335042964108e-05
130,2,50,1,0.0376470861861275,0.000493978384662906
131,2,51,3,0.0295821218250337,0.00943065794444463
132,2,52,5,0.0865290074159032,0.0865290074159032
133,2,53,2,0.0603670778129091,0.0184998620371986
135,2,55,4,0.0420516119839071,0.0420516119839071
136,2,56,4,0.0486991489612497,0.0486991489612497
137,2,57,2,0.112835193092117,0.027982538895743
138,2,58,2,0.0610034112303377,0.0112367637844034
139,2,59,4,0.0573472665878087,0.0573472665878087
140,2,60,4,0.0366018640738694,0.0366018640738694
141,2,61,1,0.0400989577277621,0.00339221423417957
142,2,62,2,0.031001924663156,0.00590735349703243
143,2,63,5,0.0148925272395887,0.0148925272395887
144,2,64,3,0.068074416134001,0.068074416134001
145,2,65,3,0.0571616763794052,0.034080008164954
146,2,66,1,0.0537630022874568,1.54765012256982e-05
147,2,67,1,0.0308341873057298,1.07702335109248e-05
148,2,68,1,0.0242747257047603,0.00128158000882546
149,2,69,5,0.0662420727627642,0.0662420727627642
150,2,70,2,0.0570332775185789,0.00885329550909492
151,2,71,5,0.0635907205730121,0.0635907205730121
152,2,72,5,0.023475127578159,0.023475127578159
153,2,73,4,0.0704346365262613,0.0704346365262613
154,2,74,4,0.0424965506202213,0.0424965506202213
155,2,75,3,0.0458658593845087,0.0307722901876843
157,2,77,5,0.0553493023480677,0.0553493023480677
158,2,78,2,0.021034796677988,0.00251370833449235
159,2,79,3,0.0588404342815893,0.0327884713209409
160,2,80,3,0.0391446717696484,0.023997742772382
161,3,1,4,0.0416480946541366,0.0416480946541366
162,3,2,4,0.0599998641681148,0.0599998641681148
163,3,3,2,0.0324721274856614,0.00658379295487242
164,3,4,4,0.0617431383820532,0.0617431383820532
165,3,5,1,0.0552868138250271,0.000560374599334327
166,3,6,1,0.0327571895364253,0.000429807532057106
167,3,7,2,0.0746607260982438,0.0232899041434331
168,3,8,5,0.0463021074992559,0.0463021074992559
169,3,9,3,0.0647312288772669,0.0647312288772669
170,3,10,4,0.0608605585707259,0.015371112361077
171,3,11,3,0.06033271419947,0.0307243330602337
172,3,12,4,0.0344403137377231,0.0344403137377231
173,3,13,3,0.0170344427155115,0.00191123129362077
174,3,14,5,0.0240985645633681,0.0240985645633681
175,3,15,2,0.0235497992335438,0.00109417112638323
176,3,16,5,0.057448922923326,0.057448922923326
177,3,17,1,0.0544496359927238,0.001214030537135
178,3,18,5,0.0373579245418162,0.0373579245418162
179,3,19,2,0.0408413087558989,0.000187023774164677
180,3,20,1,0.0299654046689906,0.000861720347234457
181,3,21,3,0.0434293916792644,0.0155411180465124
182,3,22,3,0.0457813553531786,0.0255432623269784
183,3,23,5,0.012316079328137,0.012316079328137
184,3,24,3,0.0583838240186921,0.0378517467982425
185,3,25,1,0.026948352827181,0.000134394215849193
186,3,26,1,0.0308033358780062,1.70724483442776e-05
187,3,27,3,0.0408763385821062,0.0242847092968181
188,3,28,5,0.049113006369816,0.049113006369816
189,3,29,5,0.0717743260754295,0.0717743260754295
190,3,30,5,0.0128104025416183,0.0128104025416183
191,3,31,2,0.0433342449887212,0.0054184216997037
192,3,32,3,0.033012465406791,0.0180604754859646
193,3,33,1,0.033219679745665,0.00100757586167066
194,3,34,2,0.0286711549622974,0.000809736805645012
195,3,35,5,0.0286076479871632,0.0286076479871632
196,3,36,4,0.0831309378361419,0.0831309378361419
197,3,37,1,0.0241814307996719,0.00177064370127564
198,3,38,3,0.024623147443215,0.024623147443215
199,3,39,2,0.0150699872930556,0.00132426253700696
200,3,40,1,0.0386991184790897,0.000266980660632982
201,3,41,1,0.0163699652345692,0.000722927659574685
202,3,42,5,0.0522784027007672,0.0522784027007672
203,3,43,2,0.0179288699674533,0.00256345695802065
204,3,44,4,0.0517084000607192,0.0517084000607192
205,3,45,4,0.0441533231882192,0.0441533231882192
206,3,46,3,0.0397588868523892,0.00848789958514149
207,3,47,1,0.063793043334032,0.000170339229678726
208,3,48,2,0.0879907962069268,0.0579465510391108
209,3,49,5,0.0170694680220849,0.0170694680220849
210,3,50,4,0.0625410407860507,0.0625410407860507
211,3,51,3,0.0387851513148378,0.0120296427801906
212,3,52,5,0.0641277872167102,0.0641277872167102
213,3,53,1,0.0208616559207214,9.78032051945874e-05
214,3,54,5,0.0407289658399062,0.0407289658399062
215,3,55,3,0.0454384186193973,0.0306592056522351
216,3,56,4,0.0399441986126599,0.0399441986126599
217,3,57,2,0.0176524613938927,0.00210975850399991
218,3,58,3,0.0760245040121042,0.0525943951834563
219,3,59,2,0.0229794742720449,0.00161196290588571
220,3,60,2,0.050323049173723,0.00294760377703655
221,3,61,2,0.0412251386747235,0.0164746615579107
222,3,62,1,0.018806286486914,0.000954461504026167
223,3,63,1,0.0305016828935451,8.31848857946162e-05
224,3,64,4,0.0475062120943048,0.0475062120943048
225,3,65,4,0.0688462273725694,0.0688462273725694
226,3,66,4,0.0338874782311693,0.0338874782311693
227,3,67,5,0.0416460817250715,0.0416460817250715
228,3,68,4,0.047553581058072,0.047553581058072
230,3,70,5,0.0593792961732494,0.0593792961732494
231,3,71,3,0.0363387264706153,0.00533002799805733
232,3,72,2,0.0366042943565018,0.00779657484739993
233,3,73,2,0.0572795367863239,0.021996604623259
234,3,74,5,0.0474872758986586,0.0474872758986586
235,3,75,4,0.0546524335966085,0.0546524335966085
236,3,76,3,0.0310616320339038,0.0224041644842877
237,3,77,2,0.0329552394641405,0.00603731596091015
238,3,78,1,0.0177966132910293,0.000540244779008831
239,3,79,3,0.0143812573300331,0.00300798823440037
240,3,80,4,0.0550140335312513,0.0550140335312513
241,4,1,3,0.0103363249047567,0.0075825181385331
242,4,2,3,0.0503188261914517,0.0249854677144649
243,4,3,4,0.0617270325440264,0.0617270325440264
244,4,4,5,0.0529792917440286,0.0529792917440286
245,4,5,2,0.0266194626311281,0.0035759098113023
246,4,6,1,0.0505919011446539,0.00100711423287961
247,4,7,2,0.0352737498147805,0.0130107071765562
248,4,8,2,0.0177219036484508,0.00114134990672769
249,4,9,4,0.0457408109369295,0.0457408109369295
250,4,10,5,0.0365664756606163,0.0365664756606163
251,4,11,4,0.0281251293856802,0.0281251293856802
252,4,12,1,0.0431467424198869,0.0013426188126514
253,4,13,5,0.0612695462810154,0.0612695462810154
254,4,14,3,0.0425020210476848,0.0208832393709248
255,4,15,3,0.0464712955677391,0.0275040469957187
256,4,16,2,0.0759402483802467,0.0208575460182826
257,4,17,4,0.0435780511090545,0.0435780511090545
258,4,18,4,0.0356673713406404,0.0356673713406404
259,4,19,1,0.0405465671075463,0.000290345819721022
260,4,20,1,0.0417378679905576,0.00601374756531138
261,4,21,5,0.0248814653583305,0.0248814653583305
262,4,22,2,0.066701338823898,0.0139319825302352
263,4,23,2,0.0512255837291168,0.0222279398936281
264,4,24,5,0.056550490254791,0.056550490254791
265,4,25,4,0.121966523348209,0.121966523348209
266,4,26,1,0.0155519506490419,7.68126812646646e-05
267,4,27,2,0.0216951309178151,0.000289905104025208
268,4,28,2,0.0350301121175894,0.0108460119663521
269,4,29,2,0.0211798847414232,0.00252605460297638
270,4,30,1,0.0365275086874352,0.000422937289163018
271,4,31,3,0.0756948030927455,0.0449220619865309
272,4,32,3,0.0702723937533124,0.0702723937533124
273,4,33,5,0.0253479383593873,0.0253479383593873
274,4,34,1,0.0309846108843844,0.000446985952112659
275,4,35,1,0.0381396376086898,0.000128359154762994
276,4,36,3,0.0547817149411419,0.038468270968844
277,4,37,5,0.0316072896969982,0.0316072896969982
278,4,38,4,0.0416591643094383,0.016094767761767
279,4,39,3,0.0265675368589224,0.0200114019783125
280,4,40,3,0.0596450931777817,0.0596450931777817
281,4,41,3,0.038624146080081,0.0129242954010691
282,4,42,1,0.039538855642408,0.000140690800582202
283,4,43,1,0.0318084826876981,0.00033361509361846
284,4,44,3,0.0897396521352048,0.0897396521352048
285,4,45,5,0.044209768410938,0.044209768410938
286,4,46,5,0.0521990429337633,0.0521990429337633
287,4,47,3,0.0492601041553363,0.0492601041553363
288,4,48,4,0.025161729165877,0.025161729165877
289,4,49,1,0.0585412588115808,0.00457823070742957
290,4,50,2,0.0757439761956666,0.0304535731666089
291,4,51,4,0.0686482621837989,0.0686482621837989
292,4,52,3,0.0412702892720701,0.0162831229964117
293,4,53,2,0.0427413897488848,0.00449189192047841
294,4,54,1,0.0446061031984368,0.0014269814364103
295,4,55,2,0.0247589911617329,0.00494336898073776
296,4,56,1,0.0637707868818732,0.00379231209186531
297,4,57,3,0.0468983944129562,0.00686430219384727
298,4,58,1,0.0303127261440827,8.6443235870818e-05
299,4,59,5,0.0458151213351746,0.0458151213351746
300,4,60,5,0.0670663367354864,0.0670663367354864
301,4,61,2,0.0281446888493516,0.0211578509409595
302,4,62,4,0.0446838026854165,0.0446838026854165
303,4,63,5,0.0484668002662829,0.0484668002662829
304,4,64,4,0.0667994973715487,0.0667994973715487
305,4,65,4,0.0625004343980915,0.0625004343980915
306,4,66,4,0.0474660311056148,0.0474660311056148
307,4,67,3,0.0638325431625955,0.0402917694502525
308,4,68,5,0.0610685774334921,0.0610685774334921
309,4,69,3,0.0414060474596066,0.0190560897276825
310,4,70,1,0.028025940951761,4.54872841484056e-05
311,4,71,5,0.0497572257580645,0.0497572257580645
312,4,72,5,0.0481913456551158,0.0481913456551158
313,4,73,4,0.0323000892553479,0.00872160252134839
314,4,74,2,0.0710765280213604,0.0172192321029253
315,4,75,5,0.0581771619078925,0.0581771619078925
316,4,76,1,0.058882445456999,1.07597412686963e-05
317,4,77,2,0.0385246894177961,0.00142172538534069
318,4,78,4,0.059228450964417,0.059228450964417
319,4,79,4,0.04642212244477,0.0264981155400607
320,4,80,2,0.0551170264532165,0.031427912282043
321,5,1,5,0.0645479508269709,0.0645479508269709
322,5,2,3,0.0201071599417376,0.00360247313801933
323,5,3,3,0.0619823894596249,0.0347619596785662
324,5,4,3,0.0390973374334973,0.0390973374334973
325,5,5,2,0.0597210679087767,0.0294328333033487
326,5,6,2,0.0551623487960602,0.00710612306386069
327,5,7,2,0.0590125564069487,0.022280286628313
328,5,8,1,0.0453312356309748,0.000143870392238777
329,5,9,5,0.0481104879229478,0.0481104879229478
330,5,10,4,0.0899719583092528,0.0899719583092528
331,5,11,2,0.0768542104293933,0.0286935471559694
332,5,12,1,0.0549965528608406,0.000128525629488539
333,5,13,1,0.0553672985258898,0.000969680203330188
334,5,14,4,0.0714651943812792,0.0714651943812792
335,5,15,4,0.0487336975863774,0.0487336975863774
336,5,16,3,0.0455805004176762,0.0245212607326111
337,5,17,4,0.0269775968305088,0.0269775968305088
338,5,18,4,0.0742327747596584,0.0742327747596584
339,5,19,4,0.073377985330209,0.073377985330209
340,5,20,2,0.0460631815259882,0.0258114033554898
341,5,21,3,0.0962984986718345,0.0640900906158673
342,5,22,5,0.088045980904591,0.088045980904591
343,5,23,1,0.0518539537190386,0.00165099847412749
344,5,24,5,0.0690644335628056,0.0690644335628056
345,5,25,2,0.0218583408054968,0.00239587069792693
346,5,26,1,0.0155378872835908,0.000997717038658479
348,5,28,5,0.054616142377477,0.054616142377477
349,5,29,4,0.0495894340482867,0.0495894340482867
350,5,30,1,0.0582139688157505,0.000126015098298819
351,5,31,5,0.0521133778936577,0.0521133778936577
352,5,32,4,0.0790002284885634,0.0790002284885634
353,5,33,1,0.0728456863866643,0.000558192554440338
354,5,34,5,0.0489715082113338,0.0489715082113338
355,5,35,5,0.0749605110810065,0.0749605110810065
356,5,36,5,0.0930277190983736,0.0930277190983736
357,5,37,2,0.041516972546284,0.0026720490966969
358,5,38,4,0.0692715756967827,0.0692715756967827
359,5,39,1,0.0325814208324937,6.83860958148699e-05
360,5,40,5,0.0684687332918478,0.0684687332918478
361,5,41,2,0.051132385961206,0.00139034002922024
362,5,42,1,0.0541588176326481,0.00106986823626081
363,5,43,1,0.0265977994825491,0.00090985737406698
364,5,44,2,0.0627226854742404,0.00622861497849421
365,5,45,4,0.069660337525213,0.069660337525213
366,5,46,1,0.0546085550060263,0.00101268960440177
368,5,48,4,0.0628938815822615,0.043574843553695
369,5,49,4,0.0719968292574171,0.0719968292574171
370,5,50,4,0.0681219387049336,0.0681219387049336
371,5,51,5,0.0145548346799928,0.0145548346799928
372,5,52,1,0.0635314310132738,1.68182946763232e-05
373,5,53,4,0.0687928708887063,0.0687928708887063
374,5,54,1,0.0379212185081224,1.96469286749398e-05
375,5,55,2,0.0532618917305362,0.0423938173372242
376,5,56,3,0.0611555264314493,0.0341216252331539
377,5,57,1,0.0512616865397957,8.27977217154467e-05
378,5,58,2,0.0624839811188826,0.0238873365605193
379,5,59,5,0.0184494118154722,0.0184494118154722
380,5,60,3,0.0752134378571291,0.0752134378571291
381,5,61,3,0.0352710485228928,0.026612993062201
382,5,62,5,0.0605591768671617,0.0605591768671617
383,5,63,3,0.0158824992770732,0.00164128667751772
384,5,64,2,0.0489448892335587,0.0212776292617143
385,5,65,1,0.0364031966491842,0.000115845866674147
386,5,66,5,0.072772489669242,0.072772489669242
387,5,67,3,0.0304661505264579,0.0179759484039214
388,5,68,3,0.0527438987705198,0.0288591486078717
389,5,69,3,0.0385821612671668,0.0190380970228502
390,5,70,2,0.0298558954972731,0.014880823925789
391,5,71,5,0.0487502953412406,0.0487502953412406
392,5,72,3,0.0181681240656442,0.00473105515650361
393,5,73,4,0.0738748271912258,0.0738748271912258
395,5,75,1,0.0592754887172393,0.000674317952891422
396,5,76,2,0.030591027542783,0.00520430849532368
397,5,77,5,0.0341755133409747,0.0341755133409747
398,5,78,4,0.0163129122268189,0.00343557585057631
399,5,79,3,0.0338492623487374,0.00478309412171196
400,5,80,2,0.0275611535555378,0.000659101288516451
401,6,1,5,0.0697804865067054,0.0697804865067054
402,6,2,4,0.0505327202713641,0.0505327202713641
403,6,3,5,0.055104994016142,0.055104994016142
404,6,4,2,0.0644672622529866,0.0236894741361591
405,6,5,2,0.0642700593014905,0.0381868060090542
407,6,7,2,0.0352500457686837,0.0131007699130627
408,6,8,1,0.0638157105646524,8.43204578255837e-05
409,6,9,2,0.0939694966932493,0.0590583272101867
410,6,10,4,0.0511684934796397,0.0511684934796397
412,6,12,4,0.104840938512857,0.104840938512857
413,6,13,5,0.0562271793062468,0.0562271793062468
414,6,14,5,0.04817097796886,0.04817097796886
415,6,15,1,0.0574381027747423,0.000740469923119495
416,6,16,4,0.0279273242734459,0.0279273242734459
417,6,17,2,0.0341050299077081,0.00384752516410752
418,6,18,1,0.043776210674534,0.0051606806666303
419,6,19,4,0.040111910190028,0.040111910190028
420,6,20,2,0.060633813708975,0.0146302195003482
421,6,21,3,0.0332418764133607,0.0332418764133607
422,6,22,2,0.0402965236879986,0.000463945274564681
423,6,23,3,0.0232650985542599,0.00596912640664566
424,6,24,3,0.0568467445566037,0.0568467445566037
425,6,25,4,0.0608341283672177,0.0608341283672177
426,6,26,1,0.0423900355512201,2.06399507800522e-05
427,6,27,1,0.0434286112989791,0.00182465219706866
428,6,28,5,0.0688611267228121,0.0688611267228121
429,6,29,5,0.084005553545018,0.084005553545018
430,6,30,1,0.0434750829735954,0.000285976699591602
431,6,31,2,0.0568657150411408,0.0122772749055172
432,6,32,5,0.0164186797504079,0.0164186797504079
433,6,33,1,0.0207271474775548,9.96773474660436e-05
434,6,34,4,0.0476094177229223,0.0476094177229223
435,6,35,1,0.0309207906820948,8.09639370241697e-05
436,6,36,5,0.0587860265354653,0.0587860265354653
437,6,37,4,0.0386224493274531,0.0386224493274531
438,6,38,4,0.0508578354868044,0.0508578354868044
439,6,39,5,0.0337810436725997,0.0337810436725997
440,6,40,4,0.0362907203149955,0.0100785271863044
441,6,41,2,0.0606802612370407,0.038615351795791
442,6,42,1,0.0586200293186985,0.000229692254538415
443,6,43,5,0.0408288705159343,0.0408288705159343
444,6,44,2,0.0469934583130425,0.00407763795104122
445,6,45,3,0.0866523798434821,0.0620733601174968
446,6,46,5,0.0490487965942526,0.0490487965942526
447,6,47,2,0.0672195175031889,0.00604505243235174
448,6,48,5,0.0632142904258654,0.0632142904258654
449,6,49,4,0.0410669808756036,0.0146304485293443
450,6,50,3,0.0497253150083253,0.0262423624257718
451,6,51,1,0.020048027089423,0.000643124660504936
452,6,52,1,0.0401386438693373,0.000182577725222036
453,6,53,3,0.0426037968355091,0.00413283415644888
454,6,54,4,0.0109957716467699,0.0109957716467699
455,6,55,2,0.0143313534571845,0.00652807888194638
456,6,56,5,0.0434547783444424,0.0434547783444424
457,6,57,3,0.0521627463126194,0.0296014853580456
458,6,58,3,0.0574663720201358,0.0381027294595068
459,6,59,1,0.0686622450045067,0.00900210224528898
460,6,60,4,0.0147663286726637,0.0147663286726637
461,6,61,5,0.0358006495696824,0.0358006495696824
462,6,62,3,0.0726767245598205,0.0726767245598205
463,6,63,3,0.0649757713805244,0.0649757713805244
464,6,64,2,0.0838877966833808,0.021773885677096
465,6,65,3,0.0629799282514592,0.0344510969287385
466,6,66,2,0.0511831797817851,0.0222526246230227
467,6,67,3,0.0454734168351741,0.022711981775895
468,6,68,2,0.0550234738948437,0.0300988560945086
469,6,69,5,0.0536202081567047,0.0536202081567047
470,6,70,4,0.036928405665477,0.0167212614433331
471,6,71,1,0.0162319404900628,0.000887849177404385
472,6,72,4,0.0661204946618505,0.0661204946618505
473,6,73,3,0.057671405006737,0.0306478062407191
474,6,74,1,0.0518010341407699,0.000669689260710079
475,6,75,3,0.0625290356574091,0.0625290356574091
476,6,76,4,0.0385232192193743,0.0385232192193743
477,6,77,5,0.0599785591028819,0.0599785591028819
478,6,78,1,0.0106897076627204,0.00245987991694071
479,6,79,1,0.0457334589845141,0.0056151427699195
480,6,80,3,0.0765158518640147,0.0765158518640147
481,7,1,5,0.0706217103072368,0.0706217103072368
482,7,2,4,0.0568555127770617,0.0568555127770617
483,7,3,4,0.0768726517113891,0.0768726517113891
484,7,4,2,0.0286828793810075,0.00281753159457904
485,7,5,1,0.0506184953941507,0.00112196063126484
486,7,6,5,0.0579490229974919,0.0579490229974919
487,7,7,2,0.019828461934108,0.00310082035643099
488,7,8,2,0.00973235749853319,0.00456030419885202
489,7,9,2,0.0659113734848869,0.0242821291260952
490,7,10,5,0.0433800485117173,0.0433800485117173
491,7,11,3,0.0246223164450473,0.0102507683012969
492,7,12,3,0.0743263068696202,0.0743263068696202
493,7,13,2,0.0232686842573114,0.00194945640358403
494,7,14,1,0.0431317131202385,0.000427764576207177
495,7,15,2,0.032790777464377,0.00208600006451964
496,7,16,2,0.0460392876558823,0.0128430510710863
497,7,17,3,0.0676641455472985,0.0676641455472985
498,7,18,4,0.0660391024422883,0.0660391024422883
499,7,19,5,0.0415483018918679,0.0415483018918679
500,7,20,2,0.0524340177104819,0.00641652767590454
501,7,21,1,0.0176392718776699,0.00019913700434726
502,7,22,3,0.0786041847898657,0.0786041847898657
503,7,23,1,0.02966267341818,0.000126772368536328
504,7,24,2,0.0358303393953254,0.0050735709757744
505,7,25,5,0.055327929562868,0.055327929562868
506,7,26,5,0.0290502478985654,0.0290502478985654
507,7,27,3,0.069205619420727,0.0483210891540834
508,7,28,1,0.031613735985595,8.68379526622311e-05
509,7,29,4,0.0528362639992195,0.0528362639992195
510,7,30,1,0.0403750918246391,0.000223269989521812
511,7,31,2,0.032480567463952,0.0194707872642495
512,7,32,5,0.0448804167155893,0.0448804167155893
513,7,33,1,0.0501499837031714,0.00171903179119404
514,7,34,5,0.0303613358814533,0.0303613358814533
515,7,35,2,0.0604726648247897,0.0227494558778157
516,7,36,3,0.0522752815258431,0.0304938486160097
517,7,37,3,0.0618081550174128,0.037097891403551
518,7,38,5,0.023128130087621,0.023128130087621
519,7,39,5,0.0277356907952363,0.0277356907952363
520,7,40,2,0.0610145432064836,0.0449852196740141
521,7,41,3,0.0752097016979142,0.0476287943552578
522,7,42,1,0.0320751744841938,0.000246758432295897
523,7,43,3,0.0674776815851532,0.0263358167307109
524,7,44,3,0.048955008335472,0.048955008335472
525,7,45,4,0.0333555374538971,0.0333555374538971
526,7,46,2,0.0200150796165937,0.00281558069392151
527,7,47,3,0.0482453525608062,0.0318037191969208
528,7,48,3,0.0244493763716597,0.00989861586220452
529,7,49,4,0.0941134258623041,0.0941134258623041
530,7,50,5,0.0480494587070915,0.0480494587070915
531,7,51,4,0.0349650503442277,0.0349650503442277
532,7,52,3,0.0391292267999165,0.0232685863985859
533,7,53,5,0.0339278725306565,0.0339278725306565
534,7,54,1,0.053646612959661,1.33100952666315e-05
535,7,55,4,0.0369514977817298,0.0369514977817298
536,7,56,4,0.0329134802232325,0.0329134802232325
537,7,57,1,0.0332417334747837,0.00104916038588066
538,7,58,3,0.0311750137437171,0.00424593035250047
540,7,60,1,0.0346214446575457,0.000264226322943062
541,7,61,1,0.0312652898456573,0.000747760152453005
542,7,62,1,0.0572013968894704,0.000623395094246792
543,7,63,5,0.0531854504001322,0.0531854504001322
544,7,64,5,0.0418692532236486,0.0418692532236486
545,7,65,4,0.0592398494099615,0.0592398494099615
546,7,66,2,0.0486232165459046,0.0179377214270989
547,7,67,4,0.00794885159315309,0.00794885159315309
548,7,68,5,0.0563302688455146,0.0563302688455146
549,7,69,4,0.0480076738838541,0.0480076738838541
550,7,70,1,0.0506665876646691,1.55958417533885e-05
551,7,71,4,0.0488991244721785,0.0488991244721785
552,7,72,2,0.0353403050296982,0.00129378361848769
553,7,73,3,0.0428502245636397,0.0155370324590844
554,7,74,4,0.0656837176883986,0.0473573825817546
555,7,75,3,0.0692801290729633,0.0692801290729633
556,7,76,1,0.0172318485182016,0.000700087812545651
557,7,77,4,0.0366264519322909,0.0366264519322909
559,7,79,1,0.0194138058178272,0.00115107626386477
560,7,80,2,0.0726581609489458,0.0173952922835087
561,8,1,4,0.0658699574185287,0.0658699574185287
562,8,2,1,0.0537262336610044,5.38295852489563e-05
563,8,3,2,0.0456684228267462,0.0123717423340941
564,8,4,3,0.0482466203525776,0.0277580655370096
565,8,5,2,0.0482292857039019,0.0285942812632843
566,8,6,5,0.0599194637471121,0.0599194637471121
567,8,7,3,0.0417722113871706,0.0287786394605856
568,8,8,2,0.0415842610149112,0.0263717240032926
569,8,9,5,0.0562206714151447,0.0562206714151447
570,8,10,4,0.0311968011775204,0.0104085455745967
572,8,12,4,0.0740338646766131,0.0740338646766131
573,8,13,4,0.0783011640755394,0.0783011640755394
574,8,14,3,0.0215136958297256,0.00703091798803912
575,8,15,5,0.0568207265249243,0.0568207265249243
576,8,16,3,0.0353631505590189,0.0353631505590189
577,8,17,4,0.0586730814798957,0.0586730814798957
578,8,18,5,0.0330801698225705,0.0330801698225705
579,8,19,3,0.0911085403071663,0.0502749504224392
580,8,20,4,0.0220729077999873,0.0220729077999873
581,8,21,5,0.0941429373831227,0.0941429373831227
582,8,22,2,0.0611295261878518,0.00494655490180584
583,8,23,2,0.0243563811642335,0.00177907356087337
584,8,24,3,0.0743086306275187,0.0550943494755669
585,8,25,3,0.0436121820175374,0.0203752661217409
586,8,26,5,0.0577179140590363,0.0577179140590363
587,8,27,5,0.03916132237006,0.03916132237006
588,8,28,1,0.079323030586407,0.00301556508063535
589,8,29,1,0.0308242220978829,5.03013524575968e-05
590,8,30,2,0.0367687303451095,0.00546027319600242
591,8,31,5,0.0567055236626057,0.0567055236626057
592,8,32,4,0.0933857735794575,0.0933857735794575
593,8,33,2,0.0252507624868883,0.00216109388458644
594,8,34,1,0.0280359495780488,0.00136128443034502
595,8,35,1,0.0715521568394458,0.00128539881257973
596,8,36,1,0.0487425939432951,0.000124846026835865
597,8,37,2,0.0506829164569786,0.0150158425669273
598,8,38,4,0.0425796897158971,0.0425796897158971
599,8,39,2,0.0390188360049281,0.0196177874441911
600,8,40,4,0.0432649981190384,0.0432649981190384
601,8,41,4,0.0855460972275884,0.0855460972275884
602,8,42,1,0.0290187739181504,0.000446197772554319
603,8,43,4,0.0405238966934503,0.0405238966934503
604,8,44,5,0.0552106981487523,0.0552106981487523
605,8,45,1,0.0365004833221435,0.000926979020706238
606,8,46,4,0.0471630595986002,0.0471630595986002
607,8,47,2,0.0446167574264642,0.0165801965573141
608,8,48,1,0.0476541429704072,0.000168915425891606
609,8,49,3,0.0737461315797093,0.0485350681134561
610,8,50,4,0.0619469249198718,0.0619469249198718
611,8,51,5,0.0610895701867939,0.0610895701867939
612,8,52,4,0.0509365645844579,0.0509365645844579
613,8,53,1,0.0559649838664601,1.98566194526084e-05
614,8,54,2,0.0320579602395796,0.00470013684852067
615,8,55,1,0.0356209339202165,1.60922871447256e-05
616,8,56,2,0.0403473037766429,0.00136591681483997
617,8,57,2,0.0751381341333763,0.020998244221605
618,8,58,2,0.0307466298467522,0.00364462511983124
619,8,59,3,0.0290648063475037,0.00194228272351919
620,8,60,3,0.0545523847161971,0.035861803543957
621,8,61,1,0.0467969581727473,0.00117264334632527
622,8,62,3,0.0548459232250354,0.0342457315262198
623,8,63,3,0.03717823858334,0.00994834230143499
624,8,64,1,0.0457707584317235,0.000409740345014842
625,8,65,2,0.0304299441010164,0.00322719820489469
626,8,66,1,0.02897105144967,0.000437529153683494
627,8,67,5,0.0406478978754011,0.0406478978754011
628,8,68,5,0.047845370955327,0.047845370955327
629,8,69,1,0.0614987575952216,8.53687755898289e-06
630,8,70,5,0.0616811105321277,0.0616811105321277
631,8,71,5,0.0515692207117231,0.0515692207117231
632,8,72,2,0.0408446344610248,0.0267748367414768
633,8,73,3,0.037531664815662,0.0205780378307719
634,8,74,3,0.0519950815772627,0.0519950815772627
635,8,75,5,0.0553584040177008,0.0553584040177008
636,8,76,4,0.0741938183723389,0.0741938183723389
637,8,77,1,0.0340276497519314,0.000873594047801102
638,8,78,4,0.0420699015554954,0.0270072255109354
640,8,80,3,0.0768219128352372,0.0768219128352372
641,9,1,5,0.030257168886606,0.030257168886606
642,9,2,4,0.0614933145719299,0.0614933145719299
643,9,3,2,0.0906038687124479,0.0574655948213558
644,9,4,5,0.0342025665891209,0.0342025665891209
645,9,5,3,0.0519431537691287,0.0251685291773815
646,9,6,5,0.0498738973224859,0.0498738973224859
647,9,7,4,0.0620784901614195,0.0620784901614195
648,9,8,1,0.0240182816048181,0.000102125233576796
649,9,9,3,0.068405818431488,0.0343616990097261
650,9,10,1,0.0267856006325638,0.00010645447830142
651,9,11,4,0.0427851766418215,0.0427851766418215
652,9,12,2,0.0512420768679984,0.0266914970101582
653,9,13,3,0.0736675762496584,0.0400417684829039
654,9,14,1,0.0278271849287055,0.000386632859616527
655,9,15,4,0.0222894510703775,0.0222894510703775
656,9,16,1,0.0321244027668297,0.000672285536486172
657,9,17,1,0.0354428510508591,7.76988679725316e-06
658,9,18,4,0.0252143491639278,0.0252143491639278
659,9,19,3,0.0355650750782368,0.0136990559317766
660,9,20,1,0.0798828879627206,0.00491827599214469
661,9,21,1,0.0361598602578249,0.00108233063751455
662,9,22,5,0.0440998520861539,0.0440998520861539
663,9,23,3,0.0592552834372555,0.0592552834372555
664,9,24,5,0.0798480699035562,0.0798480699035562
665,9,25,4,0.0298043815460796,0.0298043815460796
666,9,26,1,0.0471368640744424,0.000381269285394294
667,9,27,4,0.0387903023927492,0.0387903023927492
668,9,28,2,0.0338367450796962,0.00404867107196517
669,9,29,4,0.0442263598299824,0.0442263598299824
670,9,30,5,0.0468167099054807,0.0468167099054807
671,9,31,5,0.0802400722934919,0.0802400722934919
672,9,32,5,0.0377542629193135,0.0377542629193135
673,9,33,4,0.0509860207920306,0.0284222098976376
674,9,34,3,0.0700829263451431,0.0341778573240285
675,9,35,1,0.0424174443806443,7.92153378927745e-05
676,9,36,5,0.0259807683521347,0.0259807683521347
677,9,37,2,0.0601136184691766,0.01240431806085
678,9,38,1,0.0477839030221735,0.00556602772748687
679,9,39,5,0.0378024954602328,0.0378024954602328
680,9,40,4,0.0583874740875687,0.0583874740875687
681,9,41,4,0.041586743533524,0.0200781042057061
682,9,42,2,0.0872181476050982,0.0202955078989229
683,9,43,1,0.0327101530189057,0.000106703774282258
684,9,44,2,0.0724178905891793,0.0205458685481056
685,9,45,1,0.0640184666009987,0.00517708689415473
686,9,46,1,0.0635622275218534,0.000866999030371664
687,9,47,2,0.0454109632660923,0.0274319981812023
688,9,48,2,0.0461555654605783,0.0162910299115227
689,9,49,3,0.0220290134152751,0.00681370543300942
690,9,50,5,0.0701736070675727,0.0701736070675727
691,9,51,4,0.0358399705942422,0.0358399705942422
692,9,52,2,0.0564465633903342,0.0252548568346126
693,9,53,2,0.0512677733081174,0.0069195138962361
694,9,54,5,0.0190998756554752,0.0190998756554752
695,9,55,2,0.0313512952376326,0.000213870564340896
696,9,56,1,0.0187966965718301,0.00237044120477912
697,9,57,3,0.031707006605237,0.0222912110169855
698,9,58,4,0.058680964940056,0.058680964940056
699,9,59,4,0.0276268268238747,0.0276268268238747
700,9,60,3,0.0133944173440459,0.0133944173440459
701,9,61,3,0.0295530879655253,0.0295530879655253
702,9,62,5,0.0462381573503642,0.0462381573503642
703,9,63,2,0.0678723854875803,0.0274928405974181
704,9,64,5,0.0364299673108283,0.0364299673108283
705,9,65,2,0.0592116554930837,0.0271289312385298
706,9,66,2,0.0452830169163883,0.0338176795133766
707,9,67,3,0.0768377923618844,0.0547364421932775
708,9,68,1,0.0253999392254748,7.03734241298349e-05
709,9,69,3,0.0382295761955099,0.0102084742885319
710,9,70,3,0.0301461280924206,0.0182808344482172
711,9,71,2,0.0520971333602092,0.035901380252071
712,9,72,1,0.0662944222666385,0.00151623584437714
713,9,73,5,0.0403457779859115,0.0403457779859115
714,9,74,4,0.052647877339107,0.052647877339107
715,9,75,3,0.0606628431089687,0.0606628431089687
716,9,76,3,0.0449613667713585,0.00305960188440461
717,9,77,3,0.0134552133160841,0.00853797596654481
718,9,78,4,0.0801033024015047,0.0801033024015047
719,9,79,2,0.065640964382201,0.0205746730823011
720,9,80,5,0.0371327307714046,0.0371327307714046
721,10,1,5,0.0886009931565744,0.0886009931565744
722,10,2,5,0.0444263580804726,0.0444263580804726
723,10,3,3,0.051207163032589,0.051207163032589
724,10,4,2,0.0347300026343888,0.00477042208576027
725,10,5,4,0.0354038002532132,0.0354038002532132
726,10,6,4,0.0190266371382885,0.0190266371382885
727,10,7,3,0.0401054790307681,0.0186707860222929
728,10,8,2,0.0393130585888872,0.0136150549074423
729,10,9,1,0.0250531521138639,0.000521594540960489
730,10,10,3,0.0304387976997017,0.0171113777490547
731,10,11,5,0.073643709057688,0.073643709057688
732,10,12,2,0.0464051688218666,0.000600904690698865
733,10,13,2,0.0511082860000949,0.0280394883981922
734,10,14,5,0.056527431073611,0.056527431073611
735,10,15,1,0.071774000393096,0.00121556877391449
736,10,16,1,0.0665024705765166,0.00370768137054249
737,10,17,5,0.061028928255856,0.061028928255856
738,10,18,2,0.0435059985734077,0.000416035723017294
739,10,19,5,0.0606135140896734,0.0606135140896734
740,10,20,2,0.0259565166823416,0.000795383896330551
741,10,21,3,0.0467177487031525,0.0333290868707768
742,10,22,2,0.0980033136940547,0.0138469047025828
743,10,23,5,0.0327255801801435,0.0327255801801435
745,10,25,1,0.0657236005225879,0.0013410597245807
746,10,26,4,0.0386997526508269,0.0386997526508269
747,10,27,2,0.0513245268234821,0.00816831317590729
748,10,28,5,0.0470978372003102,0.0470978372003102
749,10,29,2,0.0244289514531466,0.0025073303829488
750,10,30,5,0.0815770438483945,0.0815770438483945
751,10,31,1,0.0334061196185853,0.000109914725765188
752,10,32,3,0.0437516042599135,0.0437516042599135
753,10,33,1,0.0422782346889417,0.000867887466324761
754,10,34,3,0.0532714132294168,0.0292616550341107
755,10,35,3,0.0580614488831391,0.0580614488831391
756,10,36,1,0.0446861271324003,6.15080027265851e-05
757,10,37,2,0.0764690648586547,0.0209033222723077
758,10,38,1,0.0213988136128454,0.000118118030687152
760,10,40,1,0.0326598903217752,0.000201223724519584
761,10,41,1,0.0420179656472021,9.35156815252198e-05
762,10,42,3,0.0652628770325791,0.0395423643562602
763,10,43,4,0.0391024647277089,0.0391024647277089
764,10,44,5,0.0378110003250695,0.0378110003250695
765,10,45,3,0.0343129489918172,0.0225953284390902
766,10,46,4,0.0568311180189188,0.0568311180189188
767,10,47,3,0.0398450564679972,0.0145151642962697
768,10,48,2,0.0928500986940983,0.030552122590444
769,10,49,1,0.0205108773991966,0.00166202700687857
770,10,50,3,0.0519797282600401,0.0348533233764688
771,10,51,2,0.0735163007546047,0.0416392018933305
772,10,52,4,0.045498755033238,0.045498755033238
773,10,53,3,0.0395978305185912,0.0118686558817555
774,10,54,5,0.0261438549795339,0.0261438549795339
775,10,55,2,0.0459864573946236,0.0159961560221044
776,10,56,4,0.0219068889933813,0.0219068889933813
777,10,57,1,0.0919665530476055,0.000756005385720528
778,10,58,1,0.0424077579084754,1.2240140066398e-05
779,10,59,3,0.0486353870427168,0.0257550678842315
780,10,60,4,0.0489798611920209,0.0154643821175183
781,10,61,4,0.0703543785430829,0.0703543785430829
782,10,62,3,0.0427404023154836,0.0309004241623268
783,10,63,5,0.0194103171946935,0.0194103171946935
784,10,64,5,0.0739328317618508,0.0739328317618508
785,10,65,5,0.0385708203748667,0.0385708203748667
787,10,67,5,0.0461167377043158,0.0461167377043158
788,10,68,1,0.0375707028074089,0.00228095913063231
789,10,69,2,0.0476377429258666,0.0217477941865133
790,10,70,4,0.10531919803298,0.10531919803298
791,10,71,2,0.0726079757370623,0.0228600161056672
792,10,72,1,0.0400760759950949,7.9894200892793e-05
793,10,73,4,0.0754997762276211,0.0754997762276211
794,10,74,3,0.0225423621665861,0.0183473230279163
795,10,75,4,0.0419171194223383,0.0157761247352992
796,10,76,4,0.0555834172353776,0.0555834172353776
797,10,77,3,0.0747249147922047,0.0747249147922047
798,10,78,1,0.0673263320876482,0.00268801376787715
799,10,79,4,0.0390013627086509,0.0390013627086509
800,10,80,4,0.0481094374294825,0.0481094374294825
801,11,1,1,0.0272051123754647,1.54550524026106e-05
802,11,2,1,0.0472784052709848,8.95595698284405e-05
803,11,3,3,0.116010230203381,0.0917434249598571
804,11,4,1,0.0633385968544566,1.01590607900041e-05
805,11,5,5,0.0550631632200054,0.0550631632200054
806,11,6,1,0.0234949053952587,0.00119087583794117
807,11,7,3,0.0615686515016761,0.0615686515016761
808,11,8,1,0.0271911335968675,8.66108182671193e-05
809,11,9,4,0.050749693729191,0.050749693729191
810,11,10,3,0.0335494128453813,0.0118247012810559
811,11,11,1,0.028694555388287,1.98779844483841e-05
812,11,12,5,0.0590996386831337,0.0590996386831337
813,11,13,1,0.071851213080723,9.13748718652443e-06
814,11,14,3,0.0655943057977929,0.0387613863468466
815,11,15,1,0.0246950900347618,0.000176777281261085
816,11,16,1,0.066051853890058,0.0019220516634445
817,11,17,1,0.0462947931610122,0.0012800552948708
818,11,18,3,0.0564608557154884,0.0564608557154884
819,11,19,5,0.0469654181778734,0.0469654181778734
820,11,20,2,0.0322115005426475,0.00836112658950463
821,11,21,5,0.0449852879158852,0.0449852879158852
822,11,22,2,0.0130620736759924,0.00497354322844747
823,11,23,3,0.0386206981137375,0.0186330917006865
824,11,24,1,0.042931535345249,0.000792690576347777
825,11,25,3,0.0846206692465731,0.0106642973922723
826,11,26,2,0.0813586735659792,0.0279787536546792
827,11,27,3,0.0793850129935684,0.0793850129935684
828,11,28,4,0.011495371827732,0.011495371827732
829,11,29,3,0.0536482341843874,0.0263913252777042
830,11,30,5,0.0307097811524052,0.0307097811524052
831,11,31,2,0.0284075254329402,0.0056572895794164
832,11,32,4,0.0254509153269908,0.00753759520741931
833,11,33,2,0.0537267477662065,0.034206747476673
834,11,34,4,0.0439585929626678,0.0439585929626678
835,11,35,3,0.0714710369626766,0.0461459414342926
836,11,36,3,0.0495662299735896,0.0333848618681429
837,11,37,2,0.0612316910995073,0.0335404709338721
838,11,38,2,0.0459975970086095,0.0120437215874603
839,11,39,3,0.0241937071585426,0.00377632455465691
840,11,40,4,0.0472497396899573,0.0472497396899573
841,11,41,2,0.0207368842404971,0.000555224081884169
842,11,42,5,0.0580426889267828,0.0580426889267828
843,11,43,4,0.058962751621696,0.058962751621696
844,11,44,2,0.0164588197318599,0.00823406305086439
845,11,45,2,0.0403126522118605,0.0062943507470442
846,11,46,5,0.0442256810636595,0.0442256810636595
847,11,47,1,0.0547665389404351,0.000977007845620156
848,11,48,4,0.0582277768774143,0.0582277768774143
849,11,49,1,0.0595859560725564,8.65064818126581e-05
850,11,50,2,0.0733127878353698,0.00245413258306207
851,11,51,4,0.0747786958300299,0.0747786958300299
852,11,52,4,0.0874026901412991,0.0874026901412991
853,11,53,2,0.0332787213142948,0.00206388199713721
854,11,54,5,0.0307931162011364,0.0307931162011364
855,11,55,5,0.0252231623944309,0.0252231623944309
856,11,56,1,0.0319418358856093,0.000928225531949724
857,11,57,4,0.0558115213767614,0.0558115213767614
858,11,58,4,0.0359512754827184,0.0359512754827184
859,11,59,2,0.0546514549760233,0.00319152553306046
860,11,60,4,0.0680166475563318,0.0680166475563318
861,11,61,5,0.0726823113696844,0.0726823113696844
862,11,62,2,0.0726396886426279,0.0260137351613629
863,11,63,5,0.0377882948115076,0.0377882948115076
864,11,64,3,0.0461656683215906,0.0254629039496332
865,11,65,4,0.0825839227112287,0.0825839227112287
866,11,66,1,0.0609176617279974,0.000830943852628903
867,11,67,4,0.0683222531862062,0.0683222531862062
868,11,68,2,0.0605783988942917,0.0350933353894852
869,11,69,1,0.0410417160721166,0.000881683724292952
871,11,71,2,0.0295378300799072,0.0253987148625492
872,11,72,4,0.0607494701917051,0.0607494701917051
873,11,73,5,0.0339929319847872,0.0339929319847872
874,11,74,5,0.0723049253359565,0.0723049253359565
875,11,75,5,0.0494055971208466,0.0494055971208466
876,11,76,5,0.039060015300807,0.039060015300807
877,11,77,5,0.0332869864958549,0.0332869864958549
878,11,78,3,0.0466394177027385,0.0466394177027385
879,11,79,3,0.0508675527950232,0.0314481469319592
880,11,80,4,0.0427241969162572,0.0427241969162572
881,12,1,1,0.026081222592012,0.00189068168234594
882,12,2,1,0.0266870936667199,0.000470613469232896
883,12,3,2,0.0558002133445457,0.0157454467857539
884,12,4,5,0.0580263793237389,0.0580263793237389
885,12,5,2,0.0334750292901515,0.0141756328319508
886,12,6,1,0.0317183087276709,0.00201998792459043
887,12,7,1,0.0440205285436853,0.00198389010053967
888,12,8,3,0.0597737313635054,0.0597737313635054
889,12,9,4,0.0295177058929942,0.0295177058929942
890,12,10,1,0.0465731554404602,0.000422939880381481
891,12,11,2,0.0564940411512435,0.00487421520513811
892,12,12,1,0.0469951100951035,6.39659374203238e-06
893,12,13,4,0.022695422717828,0.022695422717828
894,12,14,2,0.052949172793007,0.0210333652512553
895,12,15,2,0.0261859873334244,0.00107980562570354
896,12,16,3,0.0251390203863168,0.0066545130227002
897,12,17,5,0.0308803904761376,0.0308803904761376
898,12,18,4,0.0332217242934401,0.0332217242934401
899,12,19,4,0.0602029316859581,0.0602029316859581
900,12,20,2,0.0585956297829615,0.0162559063377749
901,12,21,3,0.0719464007595153,0.0719464007595153
902,12,22,4,0.0546766949987131,0.0269895831596914
903,12,23,4,0.0557096814620063,0.0557096814620063
904,12,24,3,0.0653803645878554,0.0653803645878554
905,12,25,2,0.0617868300605491,0.0169824055329108
906,12,26,5,0.0472155959297515,0.0472155959297515
907,12,27,4,0.0638249116379794,0.0638249116379794
908,12,28,5,0.0593625474620261,0.0593625474620261
909,12,29,3,0.0267489763764342,0.0267489763764342
910,12,30,4,0.0299338049182902,0.0299338049182902
911,12,31,3,0.0554681296750968,0.0554681296750968
912,12,32,2,0.0484090899669796,0.0366434551324578
913,12,33,3,0.0725720865756148,0.0480223489916222
914,12,34,4,0.0608609103074904,0.0608609103074904
915,12,35,4,0.0495459663816064,0.0495459663816064
916,12,36,1,0.0153491028375308,0.000634794427334526
917,12,37,4,0.0733731347660799,0.0733731347660799
918,12,38,4,0.0423044902167957,0.0423044902167957
919,12,39,2,0.0641779898037926,0.0176619808931427
921,12,41,3,0.0702935141363284,0.0702935141363284
922,12,42,1,0.0593855066544781,1.56118728551709e-05
923,12,43,5,0.0292598282244082,0.0292598282244082
924,12,44,5,0.0373455727192614,0.0373455727192614
925,12,45,2,0.0464863567486701,0.0214863990741167
926,12,46,5,0.0247400686446763,0.0247400686446763
927,12,47,1,0.012995864854142,0.00114797425657647
928,12,48,2,0.0328158269791516,0.0176334936356236
929,12,49,3,0.0732865275655774,0.0372011463457
930,12,50,4,0.0807000740109768,0.0807000740109768
931,12,51,1,0.0302453060845758,5.01088611255187e-05
932,12,52,1,0.0272705299085712,0.000140509048792796
933,12,53,4,0.0462722656234316,0.0462722656234316
934,12,54,5,0.064960850685063,0.064960850685063
935,12,55,1,0.0503241970341354,0.000746081276458926
936,12,56,1,0.041996964940217,0.000387204469268367
937,12,57,5,0.0406226168587642,0.0406226168587642
938,12,58,5,0.0478949201766087,0.0478949201766087
939,12,59,3,0.0216570541442662,0.0098530001074639
940,12,60,5,0.0261784368349755,0.0261784368349755
941,12,61,1,0.0476970467935608,7.58286415247265e-05
942,12,62,1,0.019530490515629,0.000237218161452657
943,12,63,4,0.0173038292300083,0.00485602736261699
944,12,64,2,0.0602847381032162,0.0306266799022961
945,12,65,3,0.0700211683836677,0.0700211683836677
946,12,66,4,0.0233653801230275,0.00770629756947982
947,12,67,1,0.0397316776002932,0.00068686717797428
948,12,68,2,0.00687658563034689,0.00352042381412776
949,12,69,5,0.0534285313022205,0.0534285313022205
950,12,70,2,0.0440714432808556,0.0211868422879558
951,12,71,5,0.0641274258171925,0.0641274258171925
952,12,72,2,0.0580379615850051,0.011595384740297
953,12,73,3,0.0686500823898867,0.0442672029714534
954,12,74,5,0.0301293741462415,0.0301293741462415
955,12,75,3,0.0789206744344082,0.0534126458695657
956,12,76,5,0.0269645228766789,0.0269645228766789
957,12,77,3,0.0774627489233433,0.0774627489233433
958,12,78,2,0.056405497048925,0.0104538032554883
959,12,79,3,0.057313058325703,0.057313058325703
960,12,80,5,0.0300509464658157,0.0300509464658157
961,13,1,4,0.0477778947277065,0.0477778947277065
962,13,2,4,0.0818272027637671,0.0818272027637671
963,13,3,1,0.0849961472530644,0.00111755920547844
964,13,4,3,0.0497132422837768,0.0225549535992945
965,13,5,1,0.0329255191859401,3.4669279940673e-05
966,13,6,4,0.0514376181773207,0.0514376181773207
967,13,7,2,0.0640752379777743,0.0387760767200825
968,13,8,2,0.0371981965769135,0.01915802036679
969,13,9,3,0.0917992093573906,0.0917992093573906
970,13,10,2,0.0343437210799323,0.0248773097588159
971,13,11,5,0.0434361232728392,0.0434361232728392
972,13,12,2,0.0369864365601608,0.00023811940506847
973,13,13,4,0.0178270377588657,0.0178270377588657
974,13,14,5,0.0276019914336708,0.0276019914336708
975,13,15,5,0.0339407278553862,0.0339407278553862
976,13,16,5,0.048446201768944,0.048446201768944
977,13,17,1,0.0417914539318297,0.000677976403286804
978,13,18,5,0.0522275863726756,0.0522275863726756
979,13,19,3,0.0685613704845439,0.0685613704845439
980,13,20,5,0.0652432032597127,0.0652432032597127
981,13,21,4,0.0746098475646465,0.0746098475646465
982,13,22,3,0.0668303166042653,0.0445644203870239
983,13,23,5,0.0643521163293772,0.0643521163293772
984,13,24,2,0.0431793455494981,0.013285269111111
985,13,25,1,0.0258014050729182,0.000116403376324148
986,13,26,1,0.0553066795098312,6.02983021837776e-05
987,13,27,4,0.0556441930835936,0.0556441930835936
988,13,28,4,0.047285777774159,0.047285777774159
989,13,29,5,0.039950765950773,0.039950765950773
990,13,30,1,0.0519306419794036,0.000559472536865049
991,13,31,1,0.0406480835019873,0.00265594064444139
992,13,32,5,0.047895177468817,0.047895177468817
993,13,33,4,0.0764907654364797,0.0764907654364797
994,13,34,5,0.0352400433362369,0.0352400433362369
995,13,35,1,0.0583521706368377,9.00163851867527e-05
996,13,36,2,0.0496375398357206,0.0211622287918883
997,13,37,5,0.0785882919558131,0.0785882919558131
998,13,38,1,0.0152719616439201,0.000101586433817202
999,13,39,2,0.0101426214173052,0.00289729462328159
1000,13,40,4,0.0547962004114756,0.0547962004114756
1001,13,41,1,0.0521985823867352,5.6931972621536e-05
1002,13,42,3,0.0354133144968382,0.0354133144968382
1003,13,43,1,0.0566812547803624,1.33285327414717e-05
1004,13,44,3,0.0613905478075772,0.0276092137789209
1005,13,45,3,0.0681906255564527,0.0681906255564527
1006,13,46,2,0.0164329088474871,0.00448375413971706
1007,13,47,4,0.0277819648111913,0.0277819648111913
1008,13,48,4,0.0761654986722117,0.0761654986722117
1009,13,49,1,0.0236672116736561,9.38235114045476e-05
1010,13,50,5,0.0210065838754014,0.0210065838754014
1011,13,51,2,0.0350500404298937,0.00221048293969095
1012,13,52,1,0.0583357598497904,1.05722075552957e-05
1013,13,53,3,0.0672600471923961,0.0403363229300424
1014,13,54,3,0.0461538290287806,0.0461538290287806
1015,13,55,3,0.0380885478327375,0.021271690929636
1016,13,56,1,0.025226448758846,0.00214575629665064
1017,13,57,1,0.0506354336312483,0.000793156433159008
1018,13,58,5,0.0649749252226084,0.0649749252226084
1019,13,59,2,0.0740495992296826,0.0167153597464205
1020,13,60,4,0.0356658783415068,0.0356658783415068
1021,13,61,4,0.0604599669963035,0.0259976208492986
1022,13,62,5,0.0250749645749738,0.0250749645749738
1023,13,63,3,0.0488561020917867,0.0297094802387613
1024,13,64,2,0.0263330128827809,0.0192558846964339
1025,13,65,1,0.0233458687529035,0.00182899460473738
1027,13,67,4,0.0542631951619182,0.0542631951619182
1028,13,68,2,0.0368956162873334,0.00267636229595335
1029,13,69,2,0.0562783268127829,0.00848704385587894
1030,13,70,4,0.0637532777371508,0.0637532777371508
1031,13,71,3,0.0466316980124468,0.0257328713604616
1032,13,72,5,0.0468796745203685,0.0468796745203685
1033,13,73,2,0.0542826144991164,0.0130911540387589
1034,13,74,2,0.0337331379046663,0.0177321434207903
1035,13,75,3,0.062917248675453,0.0313364021050443
1036,13,76,2,0.065946137073491,0.00392584985637649
1037,13,77,4,0.0390060288907925,0.0390060288907925
1038,13,78,3,0.0537392243412918,0.0537392243412918
1039,13,79,3,0.0702195918436477,0.0702195918436477
1040,13,80,5,0.0663107678372001,0.0663107678372001
1041,14,1,4,0.0353270291488264,0.0353270291488264
1042,14,2,4,0.0446276763438319,0.0446276763438319
1043,14,3,2,0.0547783313878454,0.0102469109048095
1044,14,4,3,0.063500939985774,0.063500939985774
1045,14,5,1,0.0706003256005915,0.00521726437359498
1046,14,6,5,0.0356696996197497,0.0356696996197497
1047,14,7,2,0.0308419834890761,0.000733758510377984
1048,14,8,2,0.0488635645819431,0.0174333763752882
1049,14,9,3,0.0427092128307337,0.00845891624312181
1050,14,10,4,0.0385025192595755,0.0385025192595755
1051,14,11,4,0.0396991142690313,0.0134441286025586
1052,14,12,1,0.0505798333457895,0.00716625652282081
1053,14,13,4,0.0450514830337598,0.0450514830337598
1054,14,14,3,0.036470805222705,0.0322310033704534
1055,14,15,1,0.0664837828686955,0.00160935947899928
1056,14,16,2,0.0285135049405575,0.00581774127496677
1057,14,17,2,0.0528502256264327,0.00884784715293681
1058,14,18,4,0.0335408989394564,0.0335408989394564
1059,14,19,1,0.0497730320368816,1.43937918731124e-05
1060,14,20,4,0.0677553582202274,0.0677553582202274
1061,14,21,4,0.0372176830965343,0.0372176830965343
1062,14,22,1,0.0453084180837873,0.00111182550129107
1063,14,23,5,0.0476403359210177,0.0476403359210177
1064,14,24,5,0.0572988859213243,0.0572988859213243
1065,14,25,3,0.0792497759519853,0.042538024992487
1066,14,26,4,0.0397530506795988,0.0397530506795988
1067,14,27,5,0.078522105703913,0.078522105703913
1068,14,28,1,0.0536896134619643,8.62858171031346e-06
1069,14,29,1,0.0609301354159904,0.00284572807042295
1070,14,30,1,0.0449003259464008,7.18433857913435e-06
1071,14,31,1,0.0546933804097938,7.4826578952141e-05
1072,14,32,1,0.0501484096405288,0.000589417667938678
1073,14,33,3,0.0356431571877944,0.019655912645681
1074,14,34,3,0.0517929296936558,0.0205665462582009
1075,14,35,5,0.0548579422273892,0.0548579422273892
1076,14,36,3,0.0530414565766971,0.0530414565766971
1077,14,37,5,0.0519479890027978,0.0519479890027978
1078,14,38,5,0.0577019717104796,0.0577019717104796
1079,14,39,4,0.0705675192340143,0.0705675192340143
1080,14,40,3,0.0565428904953719,0.00875235081098868
1081,14,41,4,0.0515032502452018,0.0515032502452018
1082,14,42,1,0.076016244017389,7.36062986530979e-05
1083,14,43,5,0.0224720103874189,0.0224720103874189
1084,14,44,5,0.0289176773265131,0.0289176773265131
1085,14,45,1,0.0600968762989223,0.00334275619874568
1086,14,46,2,0.0443687324032648,0.000858120170781114
1087,14,47,2,0.0637001043352315,0.0242579071744827
1088,14,48,3,0.0715023989909769,0.0546021777271173
1089,14,49,2,0.0517067680207213,0.00142137977298249
1090,14,50,5,0.103618030699561,0.103618030699561
1091,14,51,5,0.0626993105765314,0.0626993105765314
1092,14,52,3,0.0407188044972632,0.0272383782094319
1093,14,53,5,0.0494104830327149,0.0494104830327149
1094,14,54,3,0.0136255227766335,0.0136255227766335
1095,14,55,2,0.0530259049509118,0.00156169457814914
1096,14,56,2,0.0344588285710212,0.00551348418420815
1097,14,57,3,0.0677150540180025,0.0467999717847389
1098,14,58,3,0.0137949285946219,0.00310854754429004
1099,14,59,4,0.0273019495500909,0.0273019495500909
1100,14,60,2,0.0431119391576926,0.00353292731315982
1101,14,61,1,0.0126959198613723,0.0012650550140171
1102,14,62,2,0.0405622365407442,0.0320079632798204
1103,14,63,4,0.0595721329943269,0.0595721329943269
1104,14,64,3,0.044177614754317,0.044177614754317
1105,14,65,4,0.053437563116553,0.053437563116553
1106,14,66,1,0.0376651462248665,0.00325680332793972
1107,14,67,5,0.0426601000863641,0.0426601000863641
1108,14,68,4,0.0348855998835011,0.0348855998835011
1109,14,69,2,0.0255241963308355,0.00137114465977119
1110,14,70,4,0.0582377015303503,0.0582377015303503
1111,14,71,3,0.038329812679939,0.0109023973077358
1112,14,72,5,0.0505257562909105,0.0505257562909105
1113,14,73,5,0.0455106440459755,0.0455106440459755
1114,14,74,2,0.042308484110914,0.000889117875216456
1115,14,75,3,0.0108929893436896,0.00266724814917787
1116,14,76,1,0.0192022681802921,0.000953042597355653
1117,14,77,2,0.0362861686271726,0.014934028826413
1118,14,78,5,0.0685381316010293,0.0685381316010293
1119,14,79,1,0.0267890629470599,8.74303250851081e-05
1120,14,80,2,0.0889457390064105,0.0306174137896647
1121,15,1,3,0.0611382013558953,0.0303260057035403
1122,15,2,2,0.0446316278495674,0.0214160004261266
1123,15,3,3,0.0587983949318781,0.0587983949318781
1124,15,4,3,0.0476905660107285,0.0202186202077009
1125,15,5,3,0.0609589927923741,0.0396787938233516
1126,15,6,4,0.0172334820248503,0.0172334820248503
1127,15,7,3,0.00972695541007851,0.00363141497542609
1128,15,8,1,0.0441498904690954,0.000674644495164606
1129,15,9,2,0.0668935293892049,0.0343868132153409
1130,15,10,2,0.0876021224987052,0.0186254839302117
1131,15,11,4,0.0711136416723035,0.0447357884972312
1132,15,12,4,0.0428816559780513,0.0428816559780513
1133,15,13,5,0.0346524488001592,0.0346524488001592
1134,15,14,4,0.0808659631733262,0.0808659631733262
1135,15,15,2,0.0634793845885589,0.0273634663686553
1136,15,16,1,0.061995673850817,0.00119144641895272
1137,15,17,5,0.0325932738297956,0.0325932738297956
1138,15,18,2,0.0525126824653448,0.0307780604978384
1139,15,19,2,0.0457179266784683,0.025872050782388
1140,15,20,3,0.0978303416199796,0.0622009121887639
1141,15,21,3,0.0409749177582779,0.0207538213974547
1142,15,22,4,0.0560347987433388,0.0560347987433388
1143,15,23,5,0.0516021355335895,0.0516021355335895
1144,15,24,3,0.038844290273472,0.005485603874863
1145,15,25,3,0.0415731576400523,0.0415731576400523
1146,15,26,1,0.0391762224752316,4.04947867558453e-05
1147,15,27,5,0.0470180447369526,0.0470180447369526
1148,15,28,2,0.0561306950066655,0.00828248696599275
1149,15,29,3,0.0297451971804147,0.00673317753618616
1150,15,30,4,0.0544548655575983,0.0544548655575983
1151,15,31,1,0.0179327822232918,0.000172413819011178
1152,15,32,2,0.0552745565990171,0.0198887460888665
1153,15,33,5,0.0422115804845514,0.0422115804845514
1154,15,34,4,0.0758894534605709,0.0758894534605709
1155,15,35,3,0.0572354931454813,0.0353002190364301
1156,15,36,1,0.0415200598743215,0.00117580117649235
1157,15,37,4,0.0610545053884349,0.0610545053884349
1158,15,38,5,0.0208036580036381,0.0208036580036381
1159,15,39,1,0.0584305175781673,0.000541600467837148
1160,15,40,5,0.0394653983298364,0.0394653983298364
1161,15,41,4,0.0368149890157689,0.0368149890157689
1162,15,42,4,0.0427446497344978,0.0427446497344978
1163,15,43,1,0.0458694032108242,0.000192916984649352
1164,15,44,3,0.0495175279583546,0.0294841589691605
1165,15,45,4,0.0642629279934877,0.0642629279934877
1166,15,46,4,0.0589289341814856,0.0589289341814856
1167,15,47,2,0.030245078075634,0.0149809187205862
1168,15,48,5,0.0593386724277033,0.0593386724277033
1169,15,49,3,0.0552147478755409,0.0552147478755409
1170,15,50,1,0.0271857592831114,0.00110480608895658
1171,15,51,4,0.093251401258013,0.093251401258013
1172,15,52,5,0.0193764470974902,0.0193764470974902
1173,15,53,1,0.0116268833219505,0.00090313046521202
1174,15,54,5,0.0617984870844378,0.0617984870844378
1175,15,55,2,0.0599086000469379,0.0248519298349977
1176,15,56,2,0.0557782530803851,0.0286004066012365
1177,15,57,5,0.0542071774285849,0.0542071774285849
1178,15,58,3,0.0310554983203212,0.026214786464818
1179,15,59,5,0.0456004026765255,0.0456004026765255
1180,15,60,5,0.0588747462155882,0.0588747462155882
1181,15,61,2,0.032431579946274,0.000229832464052147
1183,15,63,5,0.0518680267313924,0.0518680267313924
1184,15,64,3,0.0261089263629713,0.0143382020024521
1185,15,65,2,0.0288084361963821,0.00228480663288701
1186,15,66,5,0.0510795672226921,0.0510795672226921
1187,15,67,1,0.0242759392337958,0.000861371314855356
1188,15,68,1,0.0647335352218526,2.36300814586216e-05
1189,15,69,1,0.0744737414381132,5.70582230475628e-06
1190,15,70,2,0.0431980946081392,0.0114036208536296
1191,15,71,4,0.0348953050996876,0.0348953050996876
1192,15,72,3,0.0337091158039472,0.00234214581194137
1193,15,73,5,0.0890693243844752,0.0890693243844752
1194,15,74,2,0.060087040354601,0.0180339699719222
1195,15,75,1,0.0505080045551099,0.000138061755770756
1196,15,76,2,0.0662508205407179,0.00172391554808298
1197,15,77,1,0.0511938539716945,0.000671863731513875
1198,15,78,1,0.0384344200267322,0.000450977903843997
1199,15,79,1,0.0408670048797492,0.000151221036930875
1200,15,80,4,0.0817873810212826,0.0817873810212826
1201,16,1,1,0.0564173853053759,0.000833401679451544
1202,16,2,2,0.045444211725332,0.0182413317257879
1203,16,3,3,0.0395492977230604,0.0150723675856881
1204,16,4,3,0.0322090085960029,0.0119682725379326
1205,16,5,5,0.0823869215912294,0.0823869215912294
1206,16,6,5,0.0724431069873307,0.0724431069873307
1207,16,7,1,0.0451521748098034,0.00343132083420633
1208,16,8,5,0.0778655117802116,0.0778655117802116
1209,16,9,4,0.0719425099398505,0.0719425099398505
1210,16,10,3,0.0538782054982687,0.0538782054982687
1211,16,11,5,0.0719439539990295,0.0719439539990295
1212,16,12,4,0.0254189904344756,0.0254189904344756
1213,16,13,4,0.0622059703042965,0.0622059703042965
1214,16,14,4,0.0800328678177873,0.0800328678177873
1215,16,15,5,0.0189611342330953,0.0189611342330953
1216,16,16,5,0.0548105951656798,0.0548105951656798
1217,16,17,5,0.0548681755892509,0.0548681755892509
1218,16,18,2,0.0190717783770506,0.00287616128565796
1219,16,19,5,0.0783805390355636,0.0783805390355636
1220,16,20,1,0.0506540651346394,0.00318178876982449
1221,16,21,3,0.0873574226864935,0.0873574226864935
1222,16,22,1,0.0638866294439187,0.00135566678763158
1223,16,23,4,0.0214417326949508,0.0214417326949508
1224,16,24,2,0.0180572108803085,0.00150205777372136
1225,16,25,2,0.0495195786450592,0.00966062987362015
1226,16,26,2,0.0358747788698939,0.000988195060770234
1227,16,27,5,0.0559926196816447,0.0559926196816447
1228,16,28,3,0.0232634405927618,0.011069991224132
1229,16,29,4,0.0404128043920812,0.0404128043920812
1230,16,30,1,0.0290576757490959,0.000206038702116317
1231,16,31,5,0.0789611620003945,0.0789611620003945
1232,16,32,3,0.0313043073761294,0.0148641036184963
1233,16,33,4,0.0571232592609178,0.0571232592609178
1234,16,34,1,0.0525186015026209,4.32162418907438e-05
1235,16,35,3,0.064543921542295,0.0404166362195271
1236,16,36,1,0.0272021652663725,0.000826827549220644
1237,16,37,1,0.0256490801212358,0.00010367518812523
1238,16,38,4,0.0394262370967558,0.0394262370967558
1239,16,39,4,0.0520470555988125,0.0520470555988125
1240,16,40,5,0.0567614400336229,0.0567614400336229
1241,16,41,4,0.0522938311988474,0.0522938311988474
1242,16,42,3,0.0512059447696,0.0311552674807716
1243,16,43,2,0.0438383913902486,0.0030864821497848
1244,16,44,5,0.0429110014451575,0.0429110014451575
1245,16,45,2,0.0600122322497354,0.0023454732454396
1246,16,46,2,0.0319781302439717,0.0023018799689274
1247,16,47,3,0.0386635311485717,0.00842995065466395
1248,16,48,3,0.0381493467598466,0.0102192019572478
1249,16,49,2,0.0240190044658154,0.00179922818139184
1250,16,50,5,0.0545698825084574,0.0545698825084574
1251,16,51,4,0.0626362589203885,0.0626362589203885
1252,16,52,1,0.0733386533102908,9.23997343587783e-05
1253,16,53,3,0.0900399531006645,0.0338809549417239
1254,16,54,4,0.0652836930748942,0.0652836930748942
1255,16,55,1,0.043678392433337,8.93444728442019e-06
1256,16,56,1,0.0319428976222056,0.000121590035197863
1257,16,57,2,0.0567399639488314,0.0293415736714767
1258,16,58,3,0.0622889054348228,0.0622889054348228
1259,16,59,2,0.064717553497541,0.0434436737305887
1260,16,60,1,0.0315567675833851,1.92223897027792e-05
1261,16,61,1,0.0340245228227707,1.22511701395414e-05
1262,16,62,4,0.0889574647450332,0.0889574647450332
1263,16,63,2,0.0177279844217571,0.000533929820185743
1264,16,64,5,0.0525007587816392,0.0525007587816392
1265,16,65,1,0.0458121099961656,0.00117985670949687
1266,16,66,2,0.0710337759975158,0.00291864841784701
1267,16,67,2,0.043765192117164,0.0246599383963145
1268,16,68,3,0.0537381679876436,0.0537381679876436
1269,16,69,1,0.0388583140197043,0.00109321097360156
1270,16,70,3,0.0559342998652381,0.0258046131741919
1271,16,71,3,0.0488023983825784,0.0227513972252322
1272,16,72,2,0.0269406448796075,0.00266612205263932
1273,16,73,1,0.0574604594260922,0.000118260811837753
1274,16,74,5,0.024709664321289,0.024709664321289
1275,16,75,5,0.0440943497936596,0.0440943497936596
1276,16,76,2,0.0613600186975693,0.0128765880889307
1277,16,77,4,0.0193863051213009,0.0193863051213009
1278,16,78,4,0.0318977162066374,0.0318977162066374
1279,16,79,4,0.053380781662777,0.053380781662777
1280,16,80,3,0.0409871829850344,0.0104993708574848
1281,17,1,1,0.0455385428431942,0.000982202069324352
1282,17,2,5,0.0753395218164779,0.0753395218164779
1283,17,3,2,0.0552249203278822,0.0398409836120094
1284,17,4,3,0.0406165716733856,0.0223942896304475
1285,17,5,5,0.0643401343115037,0.0643401343115037
1286,17,6,5,0.0611433110452913,0.0611433110452913
1287,17,7,2,0.0613925842492951,0.0135789158968692
1288,17,8,2,0.0670242487686633,0.00206673211861109
1289,17,9,5,0.0647752070885407,0.0647752070885407
1290,17,10,5,0.0160543040873651,0.0160543040873651
1291,17,11,3,0.0370307066282961,0.0128060966153281
1292,17,12,2,0.0503912615527451,0.0171874864908407
1293,17,13,4,0.0488458337616516,0.0488458337616516
1294,17,14,3,0.0857565747578777,0.0448315078970442
1295,17,15,3,0.0423059549413133,0.0423059549413133
1296,17,16,3,0.0513215580474657,0.0342537819012887
1297,17,17,3,0.0390091587702689,0.0390091587702689
1298,17,18,5,0.0311909416902492,0.0311909416902492
1299,17,19,1,0.049110616236715,0.000115221654863242
1300,17,20,5,0.0538345375481759,0.0538345375481759
1301,17,21,1,0.0532753703792146,0.000453497223424284
1302,17,22,4,0.0605867714854832,0.0605867714854832
1303,17,23,2,0.0654901459420426,0.0183908548827448
1304,17,24,5,0.0551746317802278,0.0551746317802278
1305,17,25,4,0.0354725427217099,0.0354725427217099
1306,17,26,2,0.0334465643714316,0.00131304640866458
1307,17,27,1,0.0251124872112948,0.0010067344198114
1308,17,28,2,0.0541768950460782,0.00836565300583418
1309,17,29,4,0.076432038144176,0.076432038144176
1310,17,30,3,0.0484932805276207,0.0304500387985471
1311,17,31,4,0.064014598647286,0.064014598647286
1312,17,32,4,0.061388519740648,0.061388519740648
1313,17,33,2,0.100842147069726,0.0358190032051673
1314,17,34,4,0.0597907142143633,0.0597907142143633
1315,17,35,4,0.0491778124273976,0.0491778124273976
1316,17,36,1,0.0285763026066495,0.000116964673179017
1317,17,37,3,0.0621348687225251,0.0621348687225251
1318,17,38,2,0.0280630190430285,0.00440808813210727
1319,17,39,2,0.0505820028124488,0.006333379264403
1320,17,40,5,0.0588800028914433,0.0588800028914433
1321,17,41,2,0.0254877993527371,0.0022617576435096
1322,17,42,4,0.0799515463479362,0.0799515463479362
1323,17,43,3,0.032025251229977,0.032025251229977
1324,17,44,4,0.0659013154568665,0.0659013154568665
1325,17,45,3,0.0266816908512661,0.00525380963838225
1326,17,46,2,0.0573555624729651,0.00545964468324729
1327,17,47,1,0.0281869227770914,2.22700700697735e-05
1329,17,49,5,0.0610427761116737,0.0610427761116737
1330,17,50,5,0.0430337008923929,0.0430337008923929
1331,17,51,4,0.0599443940486098,0.0599443940486098
1332,17,52,5,0.0531927752544151,0.0531927752544151
1333,17,53,1,0.0477856587566463,4.98017093324456e-05
1334,17,54,3,0.0635034747415764,0.0325865898664643
1335,17,55,4,0.0164214077093738,0.0164214077093738
1336,17,56,2,0.0308107220510848,0.00885934708075498
1337,17,57,2,0.032206704685302,0.0021629376987732
1338,17,58,1,0.0309584310993185,6.03926886218101e-05
1339,17,59,5,0.0391472329596646,0.0391472329596646
1340,17,60,4,0.0338748761159184,0.0338748761159184
1341,17,61,1,0.0706378790054905,3.44148893567806e-05
1342,17,62,4,0.0534078020248137,0.0534078020248137
1343,17,63,4,0.0563443451379968,0.0563443451379968
1344,17,64,5,0.0511162646072908,0.0511162646072908
1345,17,65,3,0.0758573872811459,0.0758573872811459
1346,17,66,3,0.0216469911308526,0.0216469911308526
1347,17,67,2,0.0519304084088115,0.0216382367596823
1348,17,68,1,0.011587208401914,0.000597075600614154
1349,17,69,5,0.0470164101344501,0.0470164101344501
1350,17,70,1,0.0493353362138525,0.00226513594691515
1351,17,71,1,0.0365246975559458,0.00111885104166385
1352,17,72,3,0.0623943031432905,0.0623943031432905
1353,17,73,3,0.0331378050843088,0.0214186239401665
1354,17,74,1,0.0515792275428801,3.67029649817222e-06
1355,17,75,1,0.0294974264204578,9.77708539832359e-05
1356,17,76,2,0.0262983909230987,0.0234999657587367
1357,17,77,1,0.0530768528242433,0.00283943019608646
1358,17,78,1,0.0278066464268196,0.000170022971415166
1359,17,79,5,0.0442701686451416,0.0442701686451416
1360,17,80,3,0.0762934777283421,0.0762934777283421
1361,18,1,1,0.0337421043340755,0.00185962854795958
1362,18,2,2,0.063405576284678,0.0175557836206155
1363,18,3,1,0.0435707700380717,0.00314687683564725
1364,18,4,5,0.0449945183324663,0.0449945183324663
1365,18,5,5,0.0211065006200776,0.0211065006200776
1366,18,6,1,0.0336738582307655,0.00128994528921133
1367,18,7,2,0.0432827667757558,0.000898471544509765
1368,18,8,4,0.0689366798156342,0.0373403369160135
1369,18,9,5,0.0359611079100171,0.0359611079100171
1370,18,10,1,0.0237096166626285,0.000666461192816673
1371,18,11,3,0.0893859526928039,0.0503873745298118
1372,18,12,5,0.0158208649295635,0.0158208649295635
1373,18,13,2,0.0571547788560638,0.0179898807502437
1374,18,14,4,0.0553163031140581,0.0553163031140581
1375,18,15,3,0.0762474878464945,0.0520454607104564
1376,18,16,4,0.0546506813049269,0.0546506813049269
1377,18,17,5,0.0699788512707026,0.0699788512707026
1378,18,18,1,0.0499181635812961,0.00092148697293677
1379,18,19,5,0.066786651156318,0.066786651156318
1380,18,20,4,0.0190578452081154,0.0190578452081154
1381,18,21,3,0.0609914106582865,0.0356493468877843
1382,18,22,4,0.0486502413281034,0.0486502413281034
1383,18,23,1,0.0367766433517472,0.000216691834126065
1384,18,24,2,0.0513181263493796,0.000279126215088419
1385,18,25,2,0.0646479912891771,0.0483033283884987
1386,18,26,3,0.0450954078141746,0.0241628253539459
1387,18,27,4,0.0349365558980729,0.0349365558980729
1388,18,28,3,0.0437559795892334,0.0139721161799366
1389,18,29,2,0.0520918055640652,0.0196071364373953
1390,18,30,3,0.0374709482346493,0.00142156660172396
1391,18,31,1,0.0336119940439939,0.000116170589935394
1392,18,32,1,0.0447860225813332,0.00172441115994529
1393,18,33,2,0.0742845689874906,0.035351928602007
1394,18,34,1,0.0515721922037732,0.00608332458759248
1395,18,35,4,0.0337715996125873,0.0337715996125873
1396,18,36,5,0.0606252298582962,0.0606252298582962
1397,18,37,3,0.0698060541084106,0.0383331617391438
1398,18,38,5,0.0501531224510795,0.0501531224510795
1399,18,39,3,0.0252157143420339,0.00390715225106628
1400,18,40,3,0.0414342687718882,0.015248823033295
1401,18,41,4,0.0479265580526893,0.0479265580526893
1402,18,42,5,0.0403386440513009,0.0403386440513009
1403,18,43,5,0.0375815372455539,0.0375815372455539
1404,18,44,1,0.0670500294423608,0.00196383573279205
1405,18,45,4,0.044441212465188,0.044441212465188
1406,18,46,2,0.0371365639853177,0.000952444424651595
1407,18,47,5,0.0202035494041975,0.0202035494041975
1408,18,48,2,0.0404032610736877,0.00633626658476805
1409,18,49,1,0.0332000056612259,0.000706985772813589
1410,18,50,4,0.0533604706690098,0.0533604706690098
1411,18,51,2,0.0223348043931363,0.00162972954497361
1412,18,52,4,0.0689435957156045,0.0689435957156045
1413,18,53,3,0.0567931074005769,0.0370745098215817
1414,18,54,3,0.0164814570035151,0.00879791992048554
1415,18,55,3,0.0365517782647323,0.00870210342421533
1416,18,56,1,0.0411386374178908,0.00152306066358573
1417,18,57,4,0.0618238763567529,0.0618238763567529
1418,18,58,1,0.0538981115328361,0.0012416189148713
1419,18,59,5,0.0404452005802014,0.0404452005802014
1420,18,60,2,0.0528480081830984,0.0246512338066033
1421,18,61,1,0.0330266774580547,0.000373109420050745
1422,18,62,3,0.0302393953746362,0.0162938970700921
1423,18,63,2,0.0587788705259607,0.00873259776399282
1424,18,64,5,0.062654137051012,0.062654137051012
1425,18,65,5,0.0460278012318068,0.0460278012318068
1426,18,66,3,0.0488008172075819,0.0295964595523989
1427,18,67,2,0.0255189905839824,0.0102017195659035
1428,18,68,4,0.03997626750143,0.03997626750143
1429,18,69,2,0.0518014391130375,0.00241995769853937
1430,18,70,2,0.0485748082572237,0.0242599510920464
1431,18,71,3,0.0594116688258444,0.0594116688258444
1432,18,72,4,0.0355739934948111,0.0355739934948111
1433,18,73,1,0.0203091854272831,0.00011955232688617
1434,18,74,4,0.0527636007678181,0.0527636007678181
1435,18,75,3,0.0561906682623168,0.0268276890053636
1436,18,76,4,0.0508890110803387,0.0508890110803387
1437,18,77,5,0.0862968815501344,0.0862968815501344
1438,18,78,1,0.0699379026027031,0.00197321558372171
1439,18,79,2,0.0349194573002643,0.00118622431673505
1440,18,80,5,0.0531327720871142,0.0531327720871142
1441,19,1,5,0.0492769855702841,0.0492769855702841
1442,19,2,4,0.0634139701548566,0.0634139701548566
1443,19,3,2,0.0324019120984096,0.0186485022604634
1444,19,4,4,0.0150611310523871,0.00603171383354207
1445,19,5,3,0.0588257529911598,0.0588257529911598
1446,19,6,3,0.0629910719877376,0.0429653856611369
1447,19,7,4,0.0553206289806262,0.0553206289806262
1448,19,8,5,0.033204950000186,0.033204950000186
1449,19,9,1,0.0303618212387501,0.000964742213139801
1450,19,10,2,0.0828952398584124,0.0276648523727344
1451,19,11,1,0.0259196134496701,0.00150005543304668
1452,19,12,2,0.081241285512898,0.0331713497188604
1453,19,13,5,0.0630385091914496,0.0630385091914496
1454,19,14,1,0.0407437657400475,0.000752511811888485
1455,19,15,4,0.0592959924794449,0.0592959924794449
1456,19,16,3,0.0109016008404672,0.00675444346823099
1457,19,17,5,0.0267552377975408,0.0267552377975408
1458,19,18,5,0.016802982493902,0.016802982493902
1459,19,19,2,0.0603077138002157,0.00413773064527289
1460,19,20,3,0.0397369880584101,0.0288847054332174
1461,19,21,2,0.048724081227275,0.0107100246793564
1462,19,22,1,0.0652158452113731,6.04637513035807e-05
1463,19,23,2,0.0548521509314721,0.0199785314027405
1464,19,24,5,0.0333821090071282,0.0333821090071282
1465,19,25,2,0.0395014606991845,0.0024980987475966
1466,19,26,3,0.0642123468287113,0.0642123468287113
1467,19,27,2,0.0637094480609855,0.0343657890097925
1468,19,28,1,0.0594442991319457,1.52572421712223e-05
1469,19,29,4,0.0180016502703217,0.0180016502703217
1470,19,30,4,0.0345777290294356,0.0345777290294356
1471,19,31,4,0.0560312039971496,0.0560312039971496
1472,19,32,2,0.0290263210943805,0.00335467287253157
1473,19,33,3,0.047348166874485,0.047348166874485
1474,19,34,5,0.0503632556484263,0.0503632556484263
1475,19,35,3,0.0488155474516875,0.0289699335115951
1476,19,36,4,0.0640848236631967,0.0430580056478507
1477,19,37,3,0.0283993854150231,0.00265715124097705
1478,19,38,2,0.0362190724234735,0.005387925734771
1479,19,39,1,0.0394683688187806,0.00164446602954021
1480,19,40,5,0.049313083642364,0.049313083642364
1481,19,41,2,0.0746548232155491,0.020902496791123
1482,19,42,5,0.0280436160441909,0.0280436160441909
1483,19,43,5,0.0569006519755164,0.0569006519755164
1484,19,44,5,0.0130468028771401,0.0130468028771401
1485,19,45,2,0.0120852451976964,0.00154460806721239
1486,19,46,5,0.0651705770118072,0.0651705770118072
1487,19,47,3,0.0465864843250294,0.0465864843250294
1488,19,48,3,0.0387381570027691,0.012968080362559
1489,19,49,1,0.0328330773853941,1.9503595521899e-05
1490,19,50,1,0.0270036413472189,0.000185635959805927
1491,19,51,1,0.0828371903771664,0.00204238441270484
1492,19,52,3,0.0109437455063633,0.00312805744759419
1493,19,53,3,0.0430966655985912,0.024181867338881
1494,19,54,4,0.0467256814360523,0.0467256814360523
1495,19,55,1,0.0712884399053749,9.34621979187461e-05
1496,19,56,5,0.0498607829690234,0.0498607829690234
1497,19,57,5,0.0103289442456525,0.0103289442456525
1498,19,58,1,0.0517200280706913,0.00107270923399601
1499,19,59,4,0.0465821091028355,0.0465821091028355
1500,19,60,1,0.0513749126672651,0.000928676000397827
1501,19,61,4,0.0458622393496891,0.0458622393496891
1502,19,62,3,0.0533087653299287,0.0333841116448695
1503,19,63,3,0.0359019115515506,0.0158850986289818
1504,19,64,2,0.00917604355981822,0.00189932479187581
1505,19,65,4,0.0538498973898341,0.0538498973898341
1506,19,66,1,0.0120403405794692,2.10283050870647e-06
1507,19,67,1,0.0546098216518287,0.000282957394041808
1508,19,68,4,0.0436683451504829,0.0436683451504829
1509,19,69,3,0.0297223648035056,0.0160430831096155
1510,19,70,1,0.0239904801466667,0.00127906849765753
1511,19,71,5,0.0494950043218915,0.0494950043218915
1512,19,72,5,0.0307800921995943,0.0307800921995943
1513,19,73,2,0.0279112142566765,0.00119626232902334
1514,19,74,1,0.0329652058832589,0.00140457511117355
1515,19,75,3,0.0865981174115601,0.0538180898479726
1516,19,76,2,0.0416418939862499,0.00326763316111531
1517,19,77,4,0.0361432183061096,0.0361432183061096
1518,19,78,4,0.0576837489280005,0.0576837489280005
1519,19,79,2,0.0421193061575772,0.0199269510465775
1520,19,80,4,0.0684122923847206,0.040706607057602
1521,20,1,4,0.0576402590180602,0.0576402590180602
1522,20,2,2,0.0472229714493908,0.000907834518793915
1523,20,3,2,0.0747071237013381,0.036205193471226
1524,20,4,2,0.0311262679364937,0.00363047455914317
1525,20,5,3,0.0639561591537844,0.0639561591537844
1526,20,6,2,0.0531115056055784,0.00478325534514983
1527,20,7,1,0.0321355015563616,2.32162456435222e-05
1528,20,8,1,0.0288403809247823,0.00118552556279793
1529,20,9,4,0.0299564683311412,0.0299564683311412
1530,20,10,4,0.0725417397044538,0.0725417397044538
1531,20,11,4,0.0634147941283386,0.0634147941283386
1532,20,12,4,0.0297629469498534,0.0146802233485872
1533,20,13,5,0.0818222424085871,0.0818222424085871
1534,20,14,4,0.070992363189267,0.070992363189267
1535,20,15,3,0.05274780686336,0.0413127757456814
1536,20,16,4,0.083740967491358,0.083740967491358
1537,20,17,3,0.0432290719572896,0.0219538117687002
1538,20,18,1,0.0435770688686504,0.000131954893236873
1539,20,19,3,0.0479980737227123,0.0129921194757325
1540,20,20,4,0.0645044005977238,0.0645044005977238
1541,20,21,3,0.0660978479914612,0.0660978479914612
1542,20,22,3,0.0680808008262803,0.045338918269471
1543,20,23,5,0.0722725382863395,0.0722725382863395
1544,20,24,5,0.0841590484503952,0.0841590484503952
1545,20,25,5,0.0550376827024781,0.0550376827024781
1546,20,26,3,0.0664710403820522,0.0322463984728699
1547,20,27,2,0.0456663212503932,0.0129795061569375
1548,20,28,1,0.0595001090958818,0.00015658907060467
1549,20,29,1,0.0288924057154871,0.000730315694657965
1550,20,30,1,0.0397417937398294,0.00133509135215551
1551,20,31,5,0.0405559274958983,0.0405559274958983
1552,20,32,2,0.043287988152491,0.00346076835038515
1553,20,33,1,0.0479282750200987,0.00427714306631685
1554,20,34,5,0.0622946562609336,0.0622946562609336
1555,20,35,4,0.039033840131369,0.039033840131369
1556,20,36,3,0.0302516201703075,0.0117851078363755
1557,20,37,4,0.0347658480899822,0.0347658480899822
1558,20,38,5,0.0694248794154423,0.0694248794154423
1559,20,39,4,0.0707531292352491,0.0707531292352491
1560,20,40,2,0.0416082463862274,0.00141568497194126
1561,20,41,4,0.0273832685541946,0.0273832685541946
1562,20,42,1,0.0731744132731498,0.0012300134142187
1563,20,43,5,0.0594602880690737,0.0594602880690737
1564,20,44,1,0.0512448354515048,0.0010411638346062
1565,20,45,3,0.0190448245170172,0.0102966845636305
1566,20,46,3,0.0500891928673516,0.0285663824861941
1567,20,47,4,0.0269902978280932,0.0146422739141442
1568,20,48,1,0.0478224389600208,0.00155471547353749
1569,20,49,5,0.0717296410226776,0.0717296410226776
1570,20,50,2,0.036628731444049,0.015439075014397
1571,20,51,5,0.0828558706885629,0.0828558706885629
1572,20,52,3,0.0388544408701547,0.00555384226471082
1573,20,53,5,0.0451569622709667,0.0451569622709667
1574,20,54,2,0.016829877909875,0.00344904398140138
1575,20,55,5,0.0587079667738764,0.0587079667738764
1576,20,56,2,0.0387173088816939,0.00131429210876855
1577,20,57,4,0.0457258155577122,0.0457258155577122
1578,20,58,2,0.0780912912228562,0.0398993173083522
1579,20,59,2,0.0632986381991042,0.0184996857818535
1580,20,60,1,0.0303114016396903,0.000439933983526772
1581,20,61,2,0.0211666099020174,0.00277714507633108
1582,20,62,3,0.0584077727068556,0.0322622000403438
1583,20,63,3,0.0351239838526977,0.0206023243200099
1584,20,64,1,0.0368619195896626,4.45286544309313e-05
1585,20,65,3,0.0737854249165224,0.0510049872787663
1586,20,66,5,0.0632975383387643,0.0632975383387643
1587,20,67,1,0.077634416893631,0.000887751100809346
1588,20,68,5,0.064041138242908,0.064041138242908
1589,20,69,2,0.0359204955715612,0.0133875538905548
1590,20,70,3,0.0312010848291166,0.0205058151542212
1591,20,71,2,0.0657422975271089,0.0186274142385187
1592,20,72,2,0.0852006152043682,0.0499120128838671
1593,20,73,5,0.0624607277532327,0.0624607277532327
1594,20,74,4,0.0426431030382209,0.0426431030382209
1595,20,75,4,0.0404798444211567,0.0213382522605158
1596,20,76,1,0.0496729500479319,0.00161087480720676
1597,20,77,3,0.0943539355046348,0.0943539355046348
1598,20,78,5,0.0526807433003958,0.0526807433003958
1599,20,79,1,0.0502395124993975,0.000191343025181831
1600,20,80,1,0.0422633139584526,3.35407603954696e-05
1601,21,1,2,0.0293597612612348,0.00306546696038499
1602,21,2,3,0.0648613893499,0.0648613893499
1603,21,3,2,0.0526987375077907,0.00982181494718674
1604,21,4,4,0.0412140863969877,0.0412140863969877
1605,21,5,1,0.10920259098959,8.73543487484852e-05
1606,21,6,1,0.0286394261924396,1.33275690728403e-05
1607,21,7,4,0.0749001165154078,0.0749001165154078
1608,21,8,2,0.0493649240854179,0.0157612974911535
1609,21,9,5,0.0301134727013951,0.0301134727013951
1610,21,10,2,0.0364867079205328,0.0173194480570959
1611,21,11,1,0.0315003846548871,0.00192369287870413
1612,21,12,2,0.0693089948881656,0.00232774876442243
1613,21,13,1,0.0474942187583837,0.00114294649391858
1614,21,14,4,0.071438289532171,0.071438289532171
1615,21,15,2,0.0348488379200957,0.000971848848261536
1616,21,16,3,0.0381961143342862,0.0141990992770624
1617,21,17,3,0.0267276752193453,0.00474879362359905
1618,21,18,1,0.030461301597573,2.89281104138899e-05
1619,21,19,4,0.0332130145709403,0.0332130145709403
1620,21,20,5,0.0620272260389942,0.0620272260389942
1621,21,21,3,0.0589445870043921,0.0368492118707269
1622,21,22,2,0.0398186429062422,0.00998344651077112
1623,21,23,5,0.0253429857929974,0.0253429857929974
1624,21,24,3,0.0425981475450517,0.0247994532451734
1625,21,25,2,0.0364337497897017,0.00228770672180826
1626,21,26,3,0.0643799324396884,0.0299074511463513
1627,21,27,3,0.0416286411482074,0.0416286411482074
1628,21,28,1,0.0622458398086056,0.00436079846272942
1629,21,29,1,0.057292945354383,0.000112507829953147
1630,21,30,1,0.027224784074848,0.000850717804133582
1631,21,31,5,0.0488761164194014,0.0488761164194014
1632,21,32,1,0.050437084957535,0.000892207172512977
1633,21,33,4,0.0308857367950654,0.0308857367950654
1634,21,34,1,0.0351333309875466,8.25225131882617e-05
1635,21,35,3,0.0522261018982659,0.0309369381682628
1636,21,36,4,0.0226186406778544,0.00406584606543443
1637,21,37,4,0.0552085085242433,0.0552085085242433
1638,21,38,1,0.0588842785507422,0.000121048020699631
1639,21,39,5,0.0124514450124832,0.0124514450124832
1640,21,40,1,0.0447925728122376,7.30726516095707e-05
1641,21,41,5,0.0728337700720472,0.0728337700720472
1642,21,42,5,0.0622758662120703,0.0622758662120703
1643,21,43,2,0.0198043182973285,0.00133439231495631
1644,21,44,1,0.0490706595580765,0.000458216993796205
1645,21,45,3,0.0534236375742828,0.0301891419066602
1646,21,46,4,0.0625597160369938,0.0625597160369938
1647,21,47,3,0.0646214121881423,0.0646214121881423
1648,21,48,2,0.0464527747562866,0.0326010593181787
1649,21,49,1,0.0476510681368237,0.00116408745597597
1650,21,50,2,0.0544696023484026,0.0153642636820236
1651,21,51,5,0.0777278252558127,0.0777278252558127
1652,21,52,4,0.0488166980010681,0.0488166980010681
1653,21,53,2,0.0669100235803378,0.0192007462194521
1654,21,54,5,0.0356936821739663,0.0356936821739663
1655,21,55,3,0.0495686929707069,0.0316406099036615
1656,21,56,3,0.0134234504877968,0.0134234504877968
1657,21,57,2,0.07061238746134,0.0442694806203727
1658,21,58,4,0.0483396625214065,0.0255320426649629
1659,21,59,1,0.0343507145324744,0.000217480956718319
1660,21,60,2,0.0269587126375107,0.00107057977804143
1661,21,61,5,0.013942694498504,0.013942694498504
1662,21,62,5,0.076215987457047,0.076215987457047
1663,21,63,3,0.034003638930845,0.034003638930845
1664,21,64,5,0.0524183382783429,0.0524183382783429
1665,21,65,5,0.0246233188681758,0.0246233188681758
1666,21,66,4,0.0718679953805579,0.0718679953805579
1668,21,68,3,0.0292066774765311,0.0169387434385833
1669,21,69,4,0.033727126777983,0.033727126777983
1670,21,70,5,0.0443233484824433,0.0443233484824433
1671,21,71,5,0.0261453402450337,0.0261453402450337
1672,21,72,4,0.0373241550835299,0.0373241550835299
1673,21,73,3,0.0139817291773744,0.00702667810448726
1674,21,74,4,0.0217245884875974,0.0217245884875974
1675,21,75,4,0.0516782368421199,0.0516782368421199
1676,21,76,5,0.0621341005311587,0.0621341005311587
1677,21,77,2,0.0663365987468613,0.0247429135687272
1678,21,78,4,0.0440659385778248,0.0440659385778248
1679,21,79,3,0.0349488201492077,0.0145207141443494
1680,21,80,1,0.0562189814678181,0.00117391247072194
1681,22,1,2,0.0505487438313617,0.0145606377501163
1682,22,2,3,0.0618983917644866,0.0349563322408683
1683,22,3,3,0.044747600962626,0.0195505822760174
1684,22,4,2,0.0542729370070131,0.033154607041871
1685,22,5,4,0.0389183181336222,0.0389183181336222
1687,22,7,5,0.072658510703875,0.072658510703875
1688,22,8,1,0.0425673165821921,0.000209232555436356
1689,22,9,2,0.0578608918503545,0.0331139033741767
1690,22,10,1,0.0299980913575423,0.000714286754880713
1691,22,11,2,0.0475704708939356,0.00862714576793082
1692,22,12,3,0.0886365347708255,0.0886365347708255
1693,22,13,1,0.0475626153251327,0.000134469761946127
1694,22,14,5,0.00527965227216136,0.00527965227216136
1695,22,15,3,0.0504003834650912,0.0294973038795327
1696,22,16,3,0.0185552360149896,0.0105853792633181
1697,22,17,1,0.0353704331797489,6.24332981023405e-05
1698,22,18,2,0.0531540165441151,0.0118389266653313
1699,22,19,5,0.0252769754264951,0.0252769754264951
1700,22,20,1,0.0179581548476574,0.000119422206487353
1701,22,21,2,0.0362705287174516,0.00397720436644148
1702,22,22,3,0.0797150687386411,0.0797150687386411
1703,22,23,5,0.0758339938965112,0.0758339938965112
1704,22,24,1,0.044254202259702,1.10107530296149e-05
1705,22,25,4,0.0536212388233509,0.0536212388233509
1706,22,26,2,0.0513519005289518,0.0143445892226858
1707,22,27,4,0.0644605654824129,0.0644605654824129
1708,22,28,4,0.024502822039968,0.024502822039968
1709,22,29,5,0.0446781873324719,0.0446781873324719
1710,22,30,4,0.073497204207227,0.073497204207227
1711,22,31,2,0.0283910311682939,0.00897475614334341
1712,22,32,1,0.0555627171555753,0.000167311491040714
1713,22,33,3,0.0467280108579527,0.0095700857294953
1714,22,34,5,0.0438075304002333,0.0438075304002333
1715,22,35,3,0.0678103382258871,0.0297314565750242
1716,22,36,2,0.0808050873538802,0.0381535592060866
1717,22,37,5,0.0447316473994443,0.0447316473994443
1718,22,38,4,0.0840848623905017,0.0840848623905017
1719,22,39,5,0.0717032496918723,0.0717032496918723
1720,22,40,3,0.0227971455461722,0.0227971455461722
1721,22,41,3,0.0587507182128202,0.0363589058005955
1722,22,42,1,0.0463428188661873,1.43479077599719e-05
1723,22,43,3,0.0476456961077024,0.0243948042518594
1724,22,44,1,0.0567438077441629,0.0011919110021455
1725,22,45,5,0.0234867938301831,0.0234867938301831
1726,22,46,3,0.0549807048284686,0.0549807048284686
1727,22,47,1,0.0328547092335445,1.95708448753226e-05
1728,22,48,2,0.0724698748602727,0.0304783585079251
1729,22,49,4,0.0667816908586653,0.0334703600849905
1730,22,50,2,0.0401220279239399,0.00106773166597174
1731,22,51,4,0.0755760972382579,0.0755760972382579
1732,22,52,4,0.0553407053407646,0.0302728221566657
1733,22,53,1,0.027397607253673,0.000107361375870899
1734,22,54,1,0.0321175800958124,0.00171218781368705
1735,22,55,2,0.0648756658294562,0.0297247319931136
1736,22,56,2,0.0467675163556035,0.010863546656431
1737,22,57,1,0.0293535607678522,0.0010585588577332
1738,22,58,5,0.0578415142427424,0.0578415142427424
1739,22,59,5,0.0233561560895183,0.0233561560895183
1740,22,60,2,0.05742441131412,0.00961150734862328
1741,22,61,1,0.0541894322270313,1.03062212511278e-05
1742,22,62,4,0.034927045976607,0.034927045976607
1743,22,63,4,0.0565102887107865,0.0565102887107865
1744,22,64,3,0.0474511844301117,0.0279394935686893
1745,22,65,4,0.0621468606336496,0.0621468606336496
1746,22,66,2,0.0284395433920865,0.00159580864543325
1747,22,67,3,0.0685571371785361,0.0685571371785361
1749,22,69,4,0.0328728349175184,0.0226471403569921
1750,22,70,1,0.0691432905780088,0.00107904757178757
1751,22,71,3,0.0543912231182792,0.0543912231182792
1752,22,72,5,0.0240236531656154,0.0240236531656154
1753,22,73,2,0.0405435164897034,0.00472611176234945
1754,22,74,4,0.0345339409277093,0.00444141839001968
1755,22,75,3,0.0386811613477376,0.00866620094378903
1756,22,76,5,0.0503479778846623,0.0503479778846623
1757,22,77,5,0.0224428373949915,0.0224428373949915
1758,22,78,4,0.0669826158850903,0.0669826158850903
1759,22,79,5,0.05678625046362,0.05678625046362
1760,22,80,5,0.0445557426374007,0.0445557426374007
1761,23,1,1,0.015996456243288,0.000235429459847106
1762,23,2,5,0.0440845148753378,0.0440845148753378
1763,23,3,1,0.0429924267736235,0.000437107519721275
1764,23,4,2,0.0379217871817027,0.0226999999648306
1765,23,5,3,0.0578606231679184,0.0356446305146728
1766,23,6,4,0.0206492848251431,0.0206492848251431
1767,23,7,2,0.0600381164925899,0.00795131405182625
1768,23,8,3,0.0783721263256259,0.0783721263256259
1769,23,9,1,0.0326217299958661,9.36448642180211e-05
1770,23,10,3,0.0471223545950546,0.0471223545950546
1771,23,11,3,0.0291354063060564,0.00949289685654407
1772,23,12,2,0.061436075170752,0.00270929227601478
1773,23,13,3,0.0633236582075161,0.0633236582075161
1774,23,14,3,0.00874433354920498,0.00496713805709465
1775,23,15,4,0.0364721126110212,0.0364721126110212
1776,23,16,2,0.0598025552980839,0.0315940913179067
1777,23,17,4,0.0431537579003122,0.0431537579003122
1778,23,18,3,0.0420268000563063,0.0241280325491081
1779,23,19,5,0.0653070817368266,0.0653070817368266
1780,23,20,4,0.0410036015282947,0.0410036015282947
1781,23,21,3,0.0675509815484312,0.0675509815484312
1782,23,22,2,0.0600727016837322,0.0145817010864423
1784,23,24,1,0.0260309831111894,0.00185331995669164
1785,23,25,2,0.0477489160349156,0.000407002343412319
1786,23,26,3,0.0573891112850796,0.0573891112850796
1787,23,27,2,0.0524658672242896,0.0178931156927535
1788,23,28,1,0.0717452869797978,0.00095294594453351
1789,23,29,4,0.0361097794619982,0.0361097794619982
1790,23,30,5,0.0704879164482632,0.0704879164482632
1791,23,31,1,0.021663781460249,0.000594706940913183
1792,23,32,1,0.0344882622189231,6.83946326219269e-06
1793,23,33,3,0.0299852145295349,0.0022155758369184
1794,23,34,4,0.0611770403658351,0.0611770403658351
1795,23,35,3,0.0702260468656146,0.0702260468656146
1796,23,36,4,0.0583441704600059,0.0583441704600059
1797,23,37,1,0.0442155139707526,7.06449036130753e-06
1798,23,38,5,0.06980977477642,0.06980977477642
1799,23,39,2,0.0314622937826099,0.0034172048282803
1800,23,40,2,0.0585020805216802,0.00628790977669386
1801,23,41,3,0.061117359781949,0.0399463842894138
1802,23,42,2,0.0389184490941423,0.011505362813218
1803,23,43,2,0.0251926607457346,0.00403537030977423
1804,23,44,5,0.0613425749521706,0.0613425749521706
1805,23,45,1,0.0439310899913337,8.34502955413895e-06
1806,23,46,4,0.035221640007862,0.015070176127273
1807,23,47,4,0.0433303435308614,0.0433303435308614
1808,23,48,5,0.0423182505483702,0.0423182505483702
1809,23,49,2,0.0772307487954656,0.0401173048195916
1810,23,50,5,0.0228772196415719,0.0228772196415719
1811,23,51,4,0.0236827743342141,0.0236827743342141
1812,23,52,1,0.0616151209897476,0.000109495247968232
1813,23,53,5,0.00925120483836605,0.00925120483836605
1814,23,54,2,0.0373956198663996,0.0267136619407246
1815,23,55,5,0.0358749133465308,0.0358749133465308
1816,23,56,4,0.0349176469321644,0.0349176469321644
1817,23,57,5,0.0364049670674377,0.0364049670674377
1818,23,58,3,0.0727331167988909,0.0727331167988909
1820,23,60,3,0.0607585980832519,0.0308717065685722
1821,23,61,5,0.0568090432635417,0.0568090432635417
1822,23,62,1,0.0246855499147876,0.000106404714601826
1823,23,63,1,0.020712796762922,0.000100924232664351
1825,23,65,4,0.0228981699045041,0.0228981699045041
1826,23,66,5,0.0661816445367393,0.0661816445367393
1827,23,67,1,0.039126334953793,0.000622653638797892
1828,23,68,3,0.0337211146306404,0.00540981362399195
1829,23,69,5,0.0205479367389185,0.0205479367389185
1830,23,70,5,0.0582730134148893,0.0582730134148893
1831,23,71,5,0.0554948412311117,0.0554948412311117
1832,23,72,4,0.0607810091270368,0.0607810091270368
1833,23,73,1,0.0321967596429577,0.00155629262239884
1834,23,74,2,0.0463744075154679,0.0044751764119377
1835,23,75,1,0.032777682136404,3.15967190487101e-06
1836,23,76,2,0.046109804151066,0.0156208265160163
1837,23,77,4,0.0595160724786649,0.0595160724786649
1838,23,78,3,0.0175331833040591,0.00352516535777348
1839,23,79,4,0.0213782942171166,0.0213782942171166
1840,23,80,5,0.0570923955889724,0.0570923955889724
1841,24,1,5,0.0236687869380986,0.0236687869380986
1842,24,2,4,0.0457511258321427,0.0457511258321427
1843,24,3,1,0.0534647497773717,9.42243856114634e-05
1844,24,4,4,0.0313036979007244,0.0313036979007244
1845,24,5,2,0.0459960053845548,0.0225130528020014
1846,24,6,5,0.0588113130361523,0.0588113130361523
1847,24,7,4,0.0258137299498867,0.0258137299498867
1848,24,8,3,0.0755189250812616,0.0276866382458875
1849,24,9,3,0.0297884878369134,0.00896341732107913
1850,24,10,5,0.0561527328581705,0.0561527328581705
1851,24,11,1,0.0538042777510717,8.49151741747665e-06
1852,24,12,5,0.0663399389441929,0.0663399389441929
1853,24,13,5,0.0644492893131729,0.0644492893131729
1854,24,14,2,0.0629886340258604,0.0205924763203506
1855,24,15,3,0.018421342716532,0.018421342716532
1856,24,16,1,0.0345163956914471,0.000922845826539316
1857,24,17,5,0.00436396546199189,0.00436396546199189
1858,24,18,3,0.0523900760933611,0.0523900760933611
1859,24,19,3,0.0323122115876375,0.00374798950211764
1860,24,20,4,0.0687763859689623,0.0687763859689623
1861,24,21,5,0.0502122063911707,0.0502122063911707
1862,24,22,4,0.0346357651334366,0.0346357651334366
1863,24,23,4,0.0223622037494113,0.0223622037494113
1864,24,24,2,0.0658398694976491,0.0436082437323135
1865,24,25,5,0.0362461645505377,0.0362461645505377
1866,24,26,1,0.063154374905156,0.000599441864661003
1867,24,27,2,0.0339792650880253,0.000718059873865823
1868,24,28,1,0.0448698988512461,1.95572732137606e-05
1869,24,29,2,0.0461092348134853,0.00584045596472571
1870,24,30,4,0.0884991478480628,0.0884991478480628
1871,24,31,2,0.0622135025790053,0.00227763191237651
1872,24,32,2,0.043727468592604,0.0160503209701141
1873,24,33,1,0.0401338190511296,0.000160858345569561
1874,24,34,4,0.0510893392648257,0.0510893392648257
1875,24,35,2,0.0439691175792176,0.00720998505371002
1876,24,36,5,0.0547767199905629,0.0547767199905629
1877,24,37,4,0.0574501926904983,0.0574501926904983
1878,24,38,3,0.0495669569684934,0.0495669569684934
1879,24,39,3,0.0614422810935332,0.0369345909176269
1880,24,40,3,0.0772153231689115,0.0772153231689115
1881,24,41,4,0.0657324940377633,0.0657324940377633
1882,24,42,4,0.0502739511543119,0.0502739511543119
1883,24,43,5,0.0447623328023601,0.0447623328023601
1884,24,44,1,0.0495528371214581,2.06696727726566e-05
1885,24,45,2,0.0651720190826898,0.0297156861580769
1886,24,46,5,0.0756261545846425,0.0756261545846425
1887,24,47,4,0.0335114933307133,0.0335114933307133
1888,24,48,2,0.0767538950535421,0.0350889979811007
1889,24,49,2,0.053176499100812,0.0165467985408187
1890,24,50,4,0.0909447726146281,0.0909447726146281
1891,24,51,2,0.0620361324623786,0.015349606088651
1892,24,52,5,0.0563264547059541,0.0563264547059541
1893,24,53,3,0.0462026759764942,0.0345941035631584
1894,24,54,3,0.0360707411815802,0.0130372653348544
1895,24,55,1,0.0524444889423999,9.67135887360393e-05
1896,24,56,1,0.0601469076427703,1.29504095384379e-05
1897,24,57,4,0.0694922698171159,0.0694922698171159
1898,24,58,5,0.0406031938740376,0.0406031938740376
1899,24,59,4,0.0631307015780129,0.0631307015780129
1900,24,60,3,0.0696478781083847,0.0482914731049774
1901,24,61,5,0.0505052127198428,0.0505052127198428
1902,24,62,2,0.0680429477230944,0.0104661810851528
1903,24,63,3,0.0369620465199179,0.00395816789824842
1904,24,64,3,0.06093872586885,0.0340474704452041
1905,24,65,2,0.0157954516794018,0.00920877696102908
1906,24,66,4,0.0452968588139741,0.0452968588139741
1907,24,67,2,0.0334847088011377,0.0014991122531729
1908,24,68,1,0.0590107487906306,1.6815832149491e-05
1909,24,69,1,0.0222820821455131,0.000780555001389564
1910,24,70,3,0.0482863429952639,0.0247618233366085
1911,24,71,1,0.0332948004684803,6.67955738297397e-05
1912,24,72,3,0.0389521909142929,0.0389521909142929
1913,24,73,5,0.0501514505446068,0.0501514505446068
1914,24,74,1,0.0440297644353215,9.59269323755841e-06
1915,24,75,1,0.0703471088722159,0.000305867981288909
1916,24,76,2,0.0533800599741198,0.016081964984083
1917,24,77,1,0.0283058260698923,0.0015066416889533
1918,24,78,3,0.0601985853959933,0.0601985853959933
1919,24,79,5,0.0547298992564237,0.0547298992564237
1920,24,80,1,0.0228950713870749,8.68582486197403e-05
1921,25,1,4,0.0538354049815205,0.0538354049815205
1922,25,2,5,0.0789226152663837,0.0789226152663837
1923,25,3,5,0.0484955443724715,0.0484955443724715
1924,25,4,4,0.0398697917919472,0.0191441943812592
1925,25,5,3,0.0455245256212636,0.0211252641416459
1926,25,6,1,0.027016085553178,7.47167088077688e-05
1927,25,7,5,0.052244474002996,0.052244474002996
1928,25,8,3,0.0325353313545843,0.0325353313545843
1929,25,9,3,0.0558369956691776,0.0272156455528617
1930,25,10,3,0.0663803469217849,0.0322900955667477
1931,25,11,4,0.063576492697631,0.063576492697631
1932,25,12,5,0.035550949712901,0.035550949712901
1933,25,13,2,0.0857952376438269,0.0086561336428997
1934,25,14,3,0.0280191864912886,0.0280191864912886
1935,25,15,4,0.0501569677672435,0.0501569677672435
1936,25,16,5,0.0901770958381608,0.0901770958381608
1937,25,17,3,0.0668319104997756,0.0417034333374334
1938,25,18,2,0.0172209789012833,0.00043666709151436
1939,25,19,1,0.0745722294250423,0.000697929312931631
1940,25,20,1,0.0562819890812411,0.000428652718551291
1941,25,21,3,0.0620881930242552,0.0327022236776994
1943,25,23,1,0.0385685493841049,1.23483718789612e-05
1944,25,24,2,0.0614406313938568,0.00141230395212974
1945,25,25,4,0.0813752471799993,0.0813752471799993
1946,25,26,5,0.0802175711390371,0.0802175711390371
1947,25,27,3,0.0406466751055311,0.0107177139219235
1948,25,28,4,0.0535918949900064,0.0327656844452206
1949,25,29,4,0.0464554053079855,0.0464554053079855
1950,25,30,3,0.0368547994105007,0.0160118872656091
1951,25,31,5,0.0101250587737564,0.0101250587737564
1952,25,32,3,0.0441128439779693,0.00413947748043503
1953,25,33,5,0.0373011048931235,0.0373011048931235
1954,25,34,2,0.0488683923413718,0.00105541631579922
1955,25,35,1,0.0582445100564768,0.00488900507844163
1956,25,36,5,0.0418152582875043,0.0418152582875043
1957,25,37,1,0.0468299741160957,0.000199324823897032
1958,25,38,3,0.0536302904530146,0.0258689146730936
1959,25,39,5,0.07350010797859,0.07350010797859
1960,25,40,4,0.0796189159183695,0.0796189159183695
1961,25,41,3,0.0703511772739956,0.0703511772739956
1962,25,42,5,0.0808879237017282,0.0808879237017282
1963,25,43,2,0.0122827617476158,0.00466633652005898
1964,25,44,1,0.054121486880229,8.25460638721725e-06
1965,25,45,2,0.0523763319493658,0.0160796135271782
1966,25,46,2,0.0721439389276782,0.0236324015597619
1967,25,47,2,0.0416013885479426,0.00412062942167898
1968,25,48,1,0.0402113402964571,7.98758600361004e-06
1969,25,49,4,0.0731443173537915,0.0731443173537915
1970,25,50,5,0.0708016118953637,0.0708016118953637
1971,25,51,2,0.0873046570729064,0.0319450758946126
1972,25,52,5,0.0376019815631393,0.0376019815631393
1973,25,53,4,0.06089859890164,0.06089859890164
1974,25,54,2,0.0740135682065602,0.01239041242057
1975,25,55,1,0.0382804164620338,0.000116255027943923
1976,25,56,2,0.0401035023505106,0.0125034537544817
1977,25,57,1,0.0192719087273048,0.000890955748631623
1979,25,59,1,0.0390168671480468,0.000161094149671871
1980,25,60,5,0.0367125143328951,0.0367125143328951
1981,25,61,4,0.0604061336066915,0.0604061336066915
1982,25,62,2,0.0415682988509936,0.00974199356494962
1983,25,63,1,0.0464673052853193,0.000466912908801927
1984,25,64,2,0.0526363289265256,0.0246166405080594
1985,25,65,1,0.0399881317838992,6.29145869992698e-05
1986,25,66,3,0.053669199591895,0.053669199591895
1987,25,67,4,0.0252937903362969,0.0252937903362969
1988,25,68,3,0.042442763846581,0.00507857058008331
1989,25,69,4,0.064429762959335,0.064429762959335
1990,25,70,1,0.0538779349226533,0.00208206696151377
1991,25,71,1,0.0795565930655065,0.000892282842384656
1992,25,72,4,0.0308504604125367,0.0308504604125367
1993,25,73,5,0.0711937752597737,0.0711937752597737
1994,25,74,3,0.0158105147550949,0.0158105147550949
1995,25,75,3,0.0646373163008886,0.0404500808701283
1996,25,76,2,0.0510996166739237,0.0177599193612406
1997,25,77,2,0.0602131335721764,0.0185269097296469
1998,25,78,4,0.0197914311691676,0.0197914311691676
1999,25,79,1,0.029340846353292,0.000439301312117675
2000,25,80,4,0.0361395193039466,0.0145398558506514
