1,1,1,3,0.0762515286679561,0.0762515286679561
2,1,2,4,0.0415619745938232,0.0415619745938232
3,1,3,1,0.0432664618962679,1.23955639939404e-05
4,1,4,1,0.030472568341282,0.000219093119937129
5,1,5,1,0.0518303811225931,0.000219814756139799
6,1,6,2,0.0337413410743722,0.0101246467507743
7,1,7,1,0.0714963650853391,0.00403135639057015
8,1,8,5,0.0394883197640375,0.0394883197640375
9,1,9,1,0.039304554172924,7.09429680265438e-05
10,1,10,4,0.0437728140775399,0.0260159836693766
11,1,11,1,0.0489609884226659,0.00339942054420832
12,1,12,2,0.0432805539068994,0.0120536539134804
13,1,13,4,0.052571629672492,0.052571629672492
14,1,14,3,0.0651921747224369,0.0651921747224369
15,1,15,3,0.0526511032703851,0.0212801093896103
16,1,16,5,0.0618586254916665,0.0618586254916665
17,1,17,2,0.0262646480655184,0.00136696473242382
18,1,18,4,0.0410751322779855,0.0410751322779855
20,1,20,5,0.0276918199997716,0.0276918199997716
21,1,21,3,0.0448524556551922,0.0448524556551922
22,1,22,5,0.0685994406846909,0.0685994406846909
23,1,23,4,0.0591360781164054,0.0591360781164054
24,1,24,1,0.0440866239813543,0.00184387142102106
25,1,25,2,0.0333700976121823,0.0085347279381415
26,1,26,3,0.0126124935998621,0.0126124935998621
27,1,27,4,0.0522930510185927,0.0522930510185927
28,1,28,3,0.0429822300367178,0.0206097077551024
29,1,29,4,0.0587719151927821,0.0587719151927821
30,1,30,2,0.0429133300335839,0.000858636903683804
31,1,31,2,0.0579247714427648,0.0321294449506156
32,1,32,1,0.0760461988267609,7.36113724144377e-05
33,1,33,5,0.0227303200934698,0.0227303200934698
34,1,34,3,0.0424958825537459,0.0424958825537459
35,1,35,5,0.055752876742587,0.055752876742587
36,1,36,4,0.0566738428168375,0.0566738428168375
37,1,37,3,0.0556243520268137,0.0200445221574791
38,1,38,3,0.0712611842245039,0.0326560028522563
39,1,39,2,0.0438103106117363,0.00587619530658771
40,1,40,3,0.0428482661505916,0.0428482661505916
41,1,41,3,0.0195671176997334,0.0195671176997334
42,1,42,5,0.0346974506519054,0.0346974506519054
43,1,43,4,0.0583264444180222,0.0583264444180222
44,1,44,5,0.0348370119746054,0.0348370119746054
45,1,45,1,0.0513702745534457,2.38745454229066e-05
46,1,46,2,0.0307735106262309,0.001555621943632
47,1,47,1,0.0268647309738284,0.00264609470484716
48,1,48,5,0.0273187649311854,0.0273187649311854
49,1,49,2,0.0329129294567064,0.0176680466780503
50,1,50,2,0.0537231973647411,0.0374518377413949
51,1,51,4,0.0785047856222342,0.0785047856222342
52,1,52,4,0.0436735337997046,0.0436735337997046
53,1,53,5,0.0309490992035036,0.0309490992035036
54,1,54,4,0.0446387160011602,0.0446387160011602
55,1,55,5,0.0490742157240125,0.0490742157240125
56,1,56,4,0.0428747610892205,0.0428747610892205
57,1,57,2,0.0629936223332674,0.0478813872099532
58,1,58,3,0.0329438070485,0.0125378341383434
59,1,59,1,0.0601458854196766,8.76922835103921e-05
60,1,60,3,0.0616607306481475,0.0616607306481475
61,1,61,5,0.0475961727752065,0.0475961727752065
62,1,62,5,0.0783786240960174,0.0783786240960174
63,1,63,3,0.0357916566436085,0.0222174793326536
64,1,64,1,0.0560509120675359,0.00155097611959044
65,1,65,2,0.0488478495261645,0.000417580331870193
67,1,67,1,0.0212327346418733,8.81658268800941e-05
68,1,68,5,0.0511287002544544,0.0511287002544544
69,1,69,2,0.0374886378281238,0.000885586264351856
70,1,70,4,0.0659905826160653,0.0659905826160653
71,1,71,1,0.035750847590086,0.000109170567985032
72,1,72,3,0.0688523142177029,0.0520033097188516
73,1,73,5,0.061967304964442,0.061967304964442
74,1,74,2,0.0363953288579364,0.0212854719488888
75,1,75,4,0.0628870888917384,0.0628870888917384
76,1,76,1,0.0277509302212126,1.18080107581428e-05
77,1,77,1,0.0293084473979649,0.00176936264546472
78,1,78,2,0.0845372783407424,0.0547068934404998
79,1,79,3,0.0494520264533208,0.0494520264533208
80,1,80,4,0.0446417268290685,0.0446417268290685
82,2,2,2,0.0545323120941836,0.0297934630794489
83,2,3,4,0.0367906967568809,0.0367906967568809
85,2,5,3,0.0743856138160713,0.0447583940850748
87,2,7,4,0.0242499017832805,0.0242499017832805
88,2,8,3,0.0271885081750888,0.0148206305460607
89,2,9,5,0.0712595810089703,0.0712595810089703
90,2,10,3,0.0559208548147055,0.0337190260560254
91,2,11,4,0.0445019931693348,0.0445019931693348
92,2,12,5,0.0759021722938554,0.0759021722938554
93,2,13,5,0.0549841590497226,0.0549841590497226
94,2,14,2,0.0312028475290007,0.00251025918842356
95,2,15,5,0.0601049778729824,0.0601049778729824
96,2,16,3,0.0957098439588348,0.070797134138272
97,2,17,5,0.023511152150605,0.023511152150605
98,2,18,5,0.0312381584222081,0.0312381584222081
99,2,19,5,0.0563393987062638,0.0563393987062638
100,2,20,4,0.0612246267196953,0.0612246267196953
101,2,21,4,0.0446142396923984,0.0446142396923984
102,2,22,2,0.0288136113987741,0.00206643163081027
103,2,23,4,0.0474308002219722,0.0226173688871333
104,2,24,3,0.0266767316271207,0.010553765589892
105,2,25,3,0.0634344611916383,0.0634344611916383
106,2,26,1,0.05168276609283,0.000481821500480758
107,2,27,4,0.0570315913889082,0.0570315913889082
108,2,28,5,0.046366728122136,0.046366728122136
109,2,29,4,0.0480079999656814,0.0480079999656814
110,2,30,5,0.0221294359387337,0.0221294359387337
111,2,31,1,0.051329217771847,0.00054029165980966
112,2,32,1,0.0388842882988935,8.42298381938699e-05
113,2,33,2,0.0595302573885248,0.00607955969728073
114,2,34,3,0.055162030783421,0.0280377499431426
115,2,35,1,0.0266134224415815,0.000220567832464371
116,2,36,2,0.0869996471963818,0.05387019239041
117,2,37,3,0.0527349007422084,0.0359180438391072
118,2,38,2,0.0329600790654695,0.00131830863384346
119,2,39,2,0.0342302770786295,0.00144490639251616
120,2,40,3,0.0747300025724277,0.0494859567875152
121,2,41,1,0.0283770596490671,0.000303341674035613
122,2,42,1,0.0659123047807275,0.00272888508179043
123,2,43,5,0.0684153952594162,0.0684153952594162
124,2,44,1,0.0678529506035527,0.00811987215957001
125,2,45,3,0.0681924271412721,0.0681924271412721
126,2,46,3,0.0550234738948437,0.0300988560945086
127,2,47,3,0.0568303861836233,0.0429533943211271
128,2,48,5,0.0608430288565479,0.0608430288565479
129,2,49,4,0.0730903295200613,0.0730903295200613
130,2,50,1,0.0250048642618316,0.000197264062421574
132,2,52,2,0.054492711756856,0.00670231862106743
133,2,53,5,0.0345695408762509,0.0345695408762509
134,2,54,4,0.0132069597071648,0.0132069597071648
135,2,55,4,0.0600247755131582,0.0600247755131582
136,2,56,1,0.050654763765778,0.000822461464547243
137,2,57,1,0.0756749069316537,0.000104432881075929
138,2,58,3,0.0108401110469896,0.00316964431561899
139,2,59,3,0.0441083725362271,0.0241459032746735
140,2,60,2,0.0352348352129301,0.00351941853966737
141,2,61,4,0.0521491891984709,0.0521491891984709
142,2,62,2,0.041183085127224,0.00264608726141446
143,2,63,2,0.0702906018281637,0.00196812352802254
144,2,64,1,0.0313512952376326,0.000101134239608115
145,2,65,4,0.0787342667521522,0.0787342667521522
146,2,66,2,0.023717502097319,0.0015065059563291
147,2,67,1,0.0775566193399477,0.00353824356782258
148,2,68,2,0.0493092643907134,0.00570207388494127
149,2,69,5,0.0402550561196308,0.0402550561196308
150,2,70,3,0.062191152035123,0.062191152035123
151,2,71,1,0.0242272296888457,0.000125243435137541
152,2,72,2,0.0485546975474944,0.0158304315598463
153,2,73,1,0.0211366571237974,7.36121657696201e-05
154,2,74,4,0.0570878834505749,0.0398404400886045
155,2,75,1,0.0425253227084112,0.00175119067353296
156,2,76,1,0.0234314821356089,0.000185318728259441
157,2,77,5,0.0508663955940968,0.0508663955940968
158,2,78,4,0.0597550629511794,0.0597550629511794
159,2,79,5,0.0401005252484,0.0401005252484
160,2,80,2,0.0520638048774046,0.00349429559669891
161,3,1,1,0.0537535735402745,0.00123507120366163
162,3,2,1,0.0437263248079038,0.00295917671590695
163,3,3,4,0.105475235653387,0.105475235653387
164,3,4,2,0.0346972302182978,0.00316628061886784
165,3,5,2,0.0615136754452754,0.00208773457008828
166,3,6,1,0.0330648267561705,0.00068073195227176
167,3,7,2,0.0406874289631292,0.0101783186559608
168,3,8,5,0.0743331547384065,0.0743331547384065
169,3,9,1,0.0521511616579441,0.00183377758711278
170,3,10,2,0.0720380597146384,0.0112227201859012
171,3,11,2,0.0364049670674377,0.0166625171088353
172,3,12,5,0.0849961472530644,0.0849961472530644
173,3,13,3,0.0243800923149168,0.0136149191301536
174,3,14,5,0.0573381948034774,0.0573381948034774
175,3,15,4,0.0355161276855302,0.0355161276855302
176,3,16,3,0.0339184820445713,0.0163641084623588
177,3,17,2,0.0441370772495941,0.000260873421136987
178,3,18,5,0.063662054737032,0.063662054737032
179,3,19,4,0.0267278349155892,0.0267278349155892
180,3,20,4,0.0440527471696943,0.0440527471696943
181,3,21,4,0.0759504768822904,0.0759504768822904
182,3,22,5,0.0373957973795058,0.0373957973795058
184,3,24,5,0.0471875711274331,0.0471875711274331
185,3,25,5,0.0696422947631948,0.0696422947631948
186,3,26,1,0.0333511444195373,0.00117089816998864
187,3,27,4,0.071632288272839,0.071632288272839
188,3,28,4,0.05275167968046,0.0298287060084953
189,3,29,1,0.0377265453908653,0.00136826140845008
190,3,30,5,0.0536685936781307,0.0536685936781307
191,3,31,5,0.0239748285802195,0.0239748285802195
192,3,32,3,0.0573180132426135,0.0292490338632804
193,3,33,3,0.0424023868384587,0.0424023868384587
194,3,34,2,0.0322113083719648,0.00849417729482418
195,3,35,2,0.0405656930319967,0.00391714371599473
196,3,36,4,0.0430015748294231,0.0430015748294231
197,3,37,1,0.0733046888941356,0.00179823716354731
198,3,38,4,0.0522404946801964,0.0522404946801964
199,3,39,1,0.0502449250157987,0.000658878241801555
200,3,40,2,0.0717384592535635,0.0260955757186661
201,3,41,3,0.0412661513992056,0.00362127495147539
202,3,42,5,0.0463298553239303,0.0463298553239303
203,3,43,2,0.0764559005448081,0.0400063704700245
204,3,44,3,0.0213356447376492,0.00703590818815639
205,3,45,4,0.099681166932621,0.099681166932621
206,3,46,5,0.043287988152491,0.043287988152491
207,3,47,1,0.0389198291881466,0.000136105761512834
208,3,48,2,0.0426399188482251,0.00214015505724537
209,3,49,3,0.0398018680254316,0.0139679593704659
210,3,50,5,0.0369547535244201,0.0369547535244201
211,3,51,3,0.0283712549945911,0.0146869550642968
212,3,52,3,0.0466395016260601,0.00930271602458821
213,3,53,4,0.0331961592288588,0.0331961592288588
214,3,54,1,0.0430873144214611,1.11375006042022e-05
215,3,55,3,0.0555548618297217,0.0272895910110986
216,3,56,2,0.0451919711884536,0.0117156120244391
217,3,57,1,0.0316222186108928,0.00108775526495722
218,3,58,1,0.0318500000885668,1.66016266425131e-05
219,3,59,3,0.0597736898381971,0.0597736898381971
220,3,60,3,0.0438980959868884,0.026601068475951
221,3,61,1,0.0236387221340735,0.00101527340221642
222,3,62,3,0.0342091873164511,0.00322708841323757
223,3,63,1,0.0403137923676611,3.03040912868818e-05
224,3,64,4,0.0250186223224535,0.0250186223224535
225,3,65,4,0.0784111067615411,0.0451752486432001
226,3,66,1,0.0191011112066207,9.37594898653756e-05
227,3,67,3,0.0536172077911306,0.025920637380268
228,3,68,4,0.0136280807806318,0.0136280807806318
229,3,69,5,0.0612188321901789,0.0612188321901789
230,3,70,2,0.071566517819479,0.0346860366323157
231,3,71,2,0.0410825074258015,0.00290126658401813
232,3,72,3,0.0785803575376258,0.0785803575376258
233,3,73,5,0.0506121658625052,0.0506121658625052
234,3,74,4,0.0522604406533554,0.0522604406533554
236,3,76,2,0.0496644046722748,0.0131385575448664
237,3,77,4,0.0411535606681037,0.0411535606681037
239,3,79,5,0.0460581517632568,0.0460581517632568
240,3,80,5,0.0530641489467447,0.0530641489467447
241,4,1,1,0.0407961294328448,0.00054501643155036
242,4,2,2,0.0425772822822501,0.000402446428920796
243,4,3,1,0.0208123630536775,9.71317113561198e-05
244,4,4,1,0.0451817580124829,0.0008619970527434
245,4,5,2,0.0275359196481443,0.0150203884621559
246,4,6,4,0.050010148499745,0.050010148499745
247,4,7,5,0.0414340138250694,0.0414340138250694
248,4,8,2,0.0415219834303616,0.00634319519634791
249,4,9,4,0.0808945084255178,0.0808945084255178
250,4,10,4,0.0528493996395807,0.0528493996395807
251,4,11,2,0.0338680321358801,0.0205364874433951
252,4,12,3,0.0517754691312469,0.017521970765208
253,4,13,5,0.0535512272150671,0.0535512272150671
254,4,14,3,0.0353673802088675,0.0117965829074253
255,4,15,4,0.0755716850930997,0.0755716850930997
256,4,16,5,0.062186014477901,0.062186014477901
257,4,17,5,0.0373965589273712,0.0373965589273712
258,4,18,3,0.0381006127905586,0.0381006127905586
259,4,19,1,0.0337524662247419,8.60533286823428e-05
260,4,20,2,0.0460510268978677,0.028803583535897
261,4,21,2,0.044691520422664,0.0199115089760323
262,4,22,3,0.0381141956888895,0.00730435853427233
263,4,23,3,0.0283616839441029,0.00475278886996818
264,4,24,4,0.0486745917695456,0.0486745917695456
265,4,25,3,0.0487464691653731,0.0323879334470081
266,4,26,5,0.0554641671421509,0.0554641671421509
267,4,27,3,0.044356280709261,0.044356280709261
268,4,28,4,0.0349399493038405,0.0349399493038405
269,4,29,4,0.0654693901403379,0.0654693901403379
270,4,30,2,0.0492675040324909,0.00848321693854837
271,4,31,5,0.0305016828935451,0.0305016828935451
272,4,32,4,0.0390954596746069,0.0390954596746069
273,4,33,5,0.0574017322385326,0.0574017322385326
274,4,34,2,0.0550527176524516,0.0345732708565825
275,4,35,5,0.0655498729475459,0.0655498729475459
276,4,36,4,0.0595997340099207,0.0595997340099207
277,4,37,3,0.026161512551093,0.0101907847738576
278,4,38,1,0.0394897439130166,0.00151338522826968
279,4,39,1,0.0127143197836094,9.32665261862307e-05
280,4,40,3,0.0564052819270728,0.0295790333138136
281,4,41,1,0.0626252791138567,5.03788389952354e-05
282,4,42,2,0.0377572989124839,0.0273019492678365
283,4,43,1,0.0521759289227964,5.52802996789176e-05
284,4,44,3,0.0598548601692458,0.041482209787495
285,4,45,1,0.0409115839727785,6.6727254699564e-05
286,4,46,5,0.0470358729914141,0.0470358729914141
287,4,47,3,0.0717825848067817,0.0717825848067817
288,4,48,2,0.0316409354838127,0.0189311113023562
289,4,49,3,0.0483191521029753,0.0228098897527595
290,4,50,1,0.0231864175394478,0.0024067529841617
291,4,51,1,0.0342269088111684,0.00147303915480533
292,4,52,4,0.0678697719238037,0.0678697719238037
293,4,53,5,0.0393607819392429,0.0393607819392429
294,4,54,1,0.0455115107920986,0.00022026003676001
295,4,55,4,0.05059774696168,0.05059774696168
296,4,56,2,0.0249290889033891,0.000683479186848431
297,4,57,1,0.0355989130483995,0.000589225974788717
298,4,58,3,0.06360046649147,0.0378082210598694
299,4,59,5,0.0809774138404852,0.0809774138404852
300,4,60,5,0.062763942944485,0.062763942944485
301,4,61,1,0.0571722726365282,0.000134089891102829
302,4,62,1,0.0774133992139716,0.000184315229876127
303,4,63,4,0.0381102328238604,0.0381102328238604
304,4,64,2,0.0368790282660072,0.0017402404997643
306,4,66,5,0.0354573435252905,0.0354573435252905
307,4,67,3,0.051840834692057,0.0210060886779138
308,4,68,5,0.0535458859161501,0.0535458859161501
309,4,69,4,0.0437488994559489,0.0437488994559489
310,4,70,3,0.0229390641790994,0.0057341604333308
311,4,71,2,0.0296168407578767,0.00978856294246
312,4,72,4,0.0587768375845046,0.0587768375845046
313,4,73,2,0.0666888242729567,0.0223843018690151
314,4,74,3,0.0467414062545009,0.0343766436663496
315,4,75,2,0.0496271447767802,0.0108411801371973
316,4,76,2,0.0209855394702729,0.00208409969820741
317,4,77,4,0.0522115478642939,0.0522115478642939
318,4,78,4,0.0266784506980122,0.0266784506980122
319,4,79,5,0.0322048381330304,0.0322048381330304
320,4,80,1,0.0559059414894269,0.00332381180937559
321,5,1,5,0.0597143762817088,0.0597143762817088
322,5,2,4,0.0744754220066489,0.0744754220066489
323,5,3,3,0.0470297932905211,0.0218853573148538
324,5,4,2,0.0287177698030301,0.0015101838026983
325,5,5,4,0.0433604958248541,0.0433604958248541
326,5,6,3,0.0895889039935155,0.0895889039935155
327,5,7,3,0.0653803645878554,0.0653803645878554
328,5,8,3,0.0821678300054212,0.0821678300054212
329,5,9,4,0.0561383055221826,0.0561383055221826
330,5,10,2,0.0546988834520643,0.0107303793732872
331,5,11,2,0.0177268560584357,0.0104069816399435
332,5,12,5,0.0246512440890285,0.0246512440890285
333,5,13,1,0.0451737504282366,0.000474456247681559
334,5,14,4,0.0488757216513143,0.0488757216513143
335,5,15,5,0.0669208207728944,0.0669208207728944
336,5,16,4,0.0757706367369521,0.0495979830313255
337,5,17,4,0.0776329112953241,0.0776329112953241
338,5,18,5,0.0670784145752291,0.0670784145752291
339,5,19,1,0.0625996414978012,0.000122705753729361
340,5,20,4,0.0500875104111808,0.0500875104111808
341,5,21,1,0.0646442845484906,0.000306476464677348
342,5,22,2,0.0657422975271089,0.0186274142385187
343,5,23,1,0.0451158228354268,0.00113699665419988
344,5,24,1,0.0364978087365078,0.000206781601992575
345,5,25,3,0.0872973366096791,0.058493222702687
346,5,26,1,0.0592637189362842,2.74249315072839e-05
347,5,27,5,0.0377639626237771,0.0377639626237771
348,5,28,3,0.0640432871915191,0.0404698817805853
349,5,29,4,0.0316950347947899,0.0316950347947899
350,5,30,2,0.0405901845877949,0.00452070538993199
351,5,31,1,0.0312852044428246,0.000109956921171989
352,5,32,5,0.0260932818638766,0.0260932818638766
353,5,33,2,0.0301138054682141,0.00473514274861513
354,5,34,5,0.0432732533155462,0.0432732533155462
355,5,35,4,0.0700707158628319,0.0700707158628319
356,5,36,4,0.066386711250858,0.066386711250858
357,5,37,5,0.0488198437463455,0.0488198437463455
358,5,38,1,0.017697124962595,0.00134173586409565
359,5,39,3,0.0489755907885785,0.0489755907885785
360,5,40,5,0.0561232917411393,0.0561232917411393
361,5,41,3,0.085663753678225,0.0337423885787824
362,5,42,4,0.077551579845631,0.077551579845631
363,5,43,5,0.0400884619364194,0.0400884619364194
365,5,45,2,0.0415231928846947,0.00206151184728806
366,5,46,1,0.0315170685977457,7.82220108694946e-05
367,5,47,5,0.0544353157256362,0.0544353157256362
368,5,48,2,0.0167131277347038,0.00127231218232411
369,5,49,3,0.0209846016116549,0.0176357822918202
370,5,50,3,0.0691015879898496,0.0691015879898496
371,5,51,4,0.0223450148996814,0.0223450148996814
372,5,52,5,0.0520684646443708,0.0520684646443708
373,5,53,5,0.0281423378588173,0.0281423378588173
374,5,54,4,0.0641454076112103,0.0641454076112103
375,5,55,2,0.0583343272573007,0.00547013980650177
376,5,56,1,0.0508852872365774,0.00110891628321873
377,5,57,3,0.0656897674059448,0.0454297658772178
378,5,58,1,0.0298874582536059,0.000261898365461918
379,5,59,2,0.0398876510169265,0.0106422304970557
380,5,60,4,0.0770260807219396,0.0770260807219396
381,5,61,1,0.0705747022348112,3.13361443397875e-05
382,5,62,5,0.0373268471389268,0.0373268471389268
383,5,63,2,0.0874163020637562,0.0242762486015688
384,5,64,3,0.0653361837872747,0.0653361837872747
385,5,65,5,0.0346974746851521,0.0346974746851521
386,5,66,2,0.0562314336330884,0.00232820805831055
387,5,67,2,0.0300725504815717,0.00348450116989957
388,5,68,2,0.00992391411332777,0.00588871013469411
389,5,69,1,0.0263620201342333,3.13573128982563e-05
390,5,70,3,0.0662148477536372,0.0662148477536372
391,5,71,4,0.0380458183570536,0.0380458183570536
392,5,72,3,0.0469136613330067,0.00264882486259024
393,5,73,1,0.0276230079954603,8.20595360017028e-05
394,5,74,3,0.0183248725509117,0.00504986083389413
395,5,75,1,0.0405001256984105,1.46720816635566e-05
396,5,76,5,0.0321286881480699,0.0321286881480699
397,5,77,2,0.049570321901144,0.0262179884240232
398,5,78,3,0.0610171155559844,0.0610171155559844
399,5,79,4,0.0557153402036149,0.0557153402036149
400,5,80,2,0.0309635597297046,0.000238426821090686
401,6,1,2,0.03944646191053,0.00401809545437616
402,6,2,5,0.024475659980212,0.024475659980212
403,6,3,1,0.0504319184533441,0.000112696807071206
404,6,4,4,0.0541812362618356,0.0541812362618356
405,6,5,2,0.0435161416525216,0.0021345918482968
406,6,6,1,0.0474777976407574,6.78043772268941e-05
407,6,7,4,0.0597130712643431,0.0597130712643431
408,6,8,3,0.0510957607070159,0.00814673497577931
409,6,9,1,0.0272998343269541,7.56079655357378e-05
410,6,10,3,0.0648379348681543,0.0648379348681543
411,6,11,4,0.0722049589301873,0.0722049589301873
412,6,12,2,0.0440470334027862,0.00379779535791025
413,6,13,1,0.0513453706910607,0.000173750460820151
414,6,14,5,0.0399301959269494,0.0399301959269494
415,6,15,1,0.0213432482667413,1.40922653503898e-05
416,6,16,3,0.069670615120942,0.069670615120942
417,6,17,3,0.0210145498594235,0.009961729249088
418,6,18,2,0.0469275913345933,0.0232198282776912
419,6,19,1,0.0272646295346222,0.000609019194513861
420,6,20,1,0.0304666000483819,0.001321465317969
421,6,21,2,0.0253948771236694,0.00882196574625388
422,6,22,3,0.0795857093386031,0.0338940143219983
423,6,23,3,0.0402168472003331,0.0402168472003331
424,6,24,1,0.0663472348887988,0.000556058133983044
425,6,25,4,0.0423295072377942,0.0423295072377942
426,6,26,5,0.0517053761384019,0.0517053761384019
427,6,27,5,0.0261193233153962,0.0261193233153962
428,6,28,2,0.031298483176677,0.00154768971313236
429,6,29,5,0.0296667354334624,0.0296667354334624
430,6,30,5,0.0524845175565752,0.0524845175565752
431,6,31,3,0.055577071858925,0.0296751715406841
432,6,32,5,0.0472236329373776,0.0472236329373776
433,6,33,2,0.0774702045177477,0.0222335141443537
434,6,34,5,0.0510567515767897,0.0510567515767897
435,6,35,4,0.0508469137714732,0.0508469137714732
436,6,36,3,0.0647051618406736,0.0474678301870101
437,6,37,4,0.0394755240737126,0.0394755240737126
438,6,38,4,0.0307335496587697,0.0307335496587697
439,6,39,3,0.0483312487353571,0.0246138700201422
440,6,40,1,0.0397177003722778,0.000346944448769121
441,6,41,4,0.0453363883990293,0.0453363883990293
442,6,42,5,0.0164796838630654,0.0164796838630654
443,6,43,1,0.0618087238750996,0.000453343511986264
444,6,44,5,0.0391759735952674,0.0391759735952674
445,6,45,1,0.0220859711445635,0.000102425864030988
446,6,46,5,0.0520163856436418,0.0520163856436418
447,6,47,2,0.0474942187583837,0.0105887543392279
448,6,48,4,0.0660045058445128,0.0660045058445128
449,6,49,2,0.0743467313730807,0.0182498501163047
450,6,50,3,0.0662197887706936,0.0662197887706936
451,6,51,2,0.0688033425398081,0.023291700240196
452,6,52,3,0.0121530379906155,0.00733238497900006
453,6,53,5,0.0247674743043326,0.0247674743043326
454,6,54,1,0.0201817142358011,0.0011970014962081
455,6,55,3,0.0588939751313073,0.0588939751313073
456,6,56,4,0.0935237105751081,0.0935237105751081
457,6,57,3,0.0329629171125122,0.00637726486620516
458,6,58,5,0.066130558686896,0.066130558686896
459,6,59,3,0.0503113772122402,0.0274978754449749
460,6,60,2,0.0382892578166344,0.00199047027758441
461,6,61,1,0.0467547375311904,0.000160043068629294
462,6,62,1,0.0341025257627225,3.01807394968937e-05
463,6,63,5,0.0806121939495274,0.0806121939495274
464,6,64,2,0.0540207801941205,0.00138903496738223
465,6,65,4,0.0436120038968458,0.0436120038968458
466,6,66,1,0.0488454035357698,0.00136527942920826
467,6,67,3,0.0680977007290323,0.0680977007290323
468,6,68,4,0.0607801490349725,0.0607801490349725
469,6,69,4,0.070653171308669,0.070653171308669
470,6,70,5,0.0242967730419421,0.0242967730419421
471,6,71,4,0.0531696309888522,0.0531696309888522
472,6,72,3,0.0564229333449925,0.0564229333449925
473,6,73,2,0.0538343585910174,0.00725051523193302
474,6,74,1,0.0278259284563317,1.04190892735181e-05
475,6,75,2,0.0523862578452653,0.0152017909690482
476,6,76,5,0.033849647603679,0.033849647603679
478,6,78,2,0.0407777369157686,0.00171504229538991
479,6,79,4,0.0458614143960777,0.0458614143960777
480,6,80,4,0.0764757982796417,0.0764757982796417
481,7,1,1,0.0414170492804094,0.000471337887574495
482,7,2,3,0.0794025626342297,0.0794025626342297
483,7,3,5,0.0468080114167571,0.0468080114167571
484,7,4,3,0.0578563186508504,0.0318396707553029
485,7,5,1,0.0194823579161191,0.00054234910439861
486,7,6,2,0.0691593298490045,0.0443542048156125
487,7,7,1,0.049328571218871,0.000811772567902278
488,7,8,3,0.0360176931076531,0.0104622089617769
489,7,9,1,0.0156617582824828,0.00110098550395102
490,7,10,5,0.0526136197798259,0.0526136197798259
491,7,11,1,0.0348905845778737,0.00110509070754461
492,7,12,2,0.0458431445510054,0.00409034421621686
493,7,13,2,0.0660834466970867,0.0367655006259426
494,7,14,2,0.0464051688218666,0.00538486977122177
495,7,15,4,0.0457542912658965,0.0457542912658965
496,7,16,3,0.0678671983104019,0.0678671983104019
497,7,17,4,0.0289889663052012,0.0231322832952668
498,7,18,3,0.0639844159152088,0.0331905713674144
499,7,19,1,0.0300424273427449,0.000473080079913045
500,7,20,3,0.0695072055904522,0.0359728572301368
501,7,21,4,0.0312200271294953,0.023817056477508
502,7,22,4,0.0409972558846738,0.0409972558846738
503,7,23,2,0.023724590892383,0.000804310783335189
504,7,24,5,0.0330209685098888,0.0330209685098888
505,7,25,5,0.042393881972849,0.042393881972849
506,7,26,5,0.0444472781056183,0.0444472781056183
507,7,27,1,0.0617786224719148,0.000836679350489844
508,7,28,2,0.0734233801527588,0.0197763749146798
509,7,29,1,0.0321490991396354,0.000533403439884384
510,7,30,1,0.0428217958425661,0.00129789069961571
511,7,31,5,0.0255453389212148,0.0255453389212148
512,7,32,2,0.0512027841103736,0.0120659252288976
513,7,33,1,0.0316746481232712,0.00107843063724927
514,7,34,4,0.0485397472185994,0.0485397472185994
515,7,35,2,0.0553036221392401,0.0264975823609516
516,7,36,4,0.0797226533417642,0.0797226533417642
517,7,37,4,0.0662769602618493,0.0662769602618493
518,7,38,3,0.0609360423907349,0.0609360423907349
519,7,39,1,0.0597373652344531,0.000118438155512899
520,7,40,5,0.0278836422881544,0.0278836422881544
521,7,41,2,0.0436587792534227,0.0100485560586652
522,7,42,4,0.0405783881517385,0.0405783881517385
523,7,43,3,0.0717975911098928,0.0449962298430503
524,7,44,5,0.00755980048675895,0.00755980048675895
525,7,45,4,0.0457357790474679,0.0457357790474679
526,7,46,5,0.0629821386810111,0.0629821386810111
527,7,47,1,0.0581840844365251,0.000121186735688547
528,7,48,5,0.0618782137290931,0.0618782137290931
529,7,49,5,0.0520972427618741,0.0520972427618741
530,7,50,4,0.0586351490183809,0.0586351490183809
531,7,51,2,0.069376506045691,0.0199089643569529
532,7,52,5,0.0729684400024219,0.0729684400024219
533,7,53,1,0.0633434652145487,0.00010174433044498
534,7,54,3,0.0281938646967428,0.0182200595560373
535,7,55,3,0.0571480409341213,0.0288205101115896
536,7,56,3,0.0559883241130313,0.0385252867568618
537,7,57,1,0.0604061336066915,0.00169997569104661
538,7,58,3,0.0323869394897178,0.0121244018627904
539,7,59,2,0.0468814831011137,0.000898589139522614
540,7,60,5,0.040243883335563,0.040243883335563
541,7,61,4,0.055080177735084,0.055080177735084
542,7,62,3,0.0373763551642924,0.00638337967429157
543,7,63,4,0.0405070836909876,0.0405070836909876
544,7,64,2,0.0178707610651977,0.00308575255077829
545,7,65,2,0.0143127483742021,0.00294688682697182
546,7,66,5,0.0533888612927519,0.0533888612927519
547,7,67,2,0.056926747267471,0.0162121863290855
548,7,68,3,0.0642232706803326,0.0408357147726227
549,7,69,4,0.0668862021407158,0.0668862021407158
550,7,70,5,0.0522777386613998,0.0522777386613998
551,7,71,3,0.0146716830184649,0.0038554697467412
552,7,72,5,0.0347627734159515,0.0347627734159515
553,7,73,4,0.0675408270712057,0.0675408270712057
554,7,74,1,0.045698725816131,6.52934682220276e-05
555,7,75,2,0.052289018998739,0.0316525883368065
556,7,76,3,0.0247507927285525,0.0218350119091674
557,7,77,4,0.0237070119436112,0.0237070119436112
558,7,78,2,0.031021085788691,0.00363399988565933
559,7,79,4,0.0535736055865571,0.0535736055865571
560,7,80,1,0.0446107333948215,0.000219739197543287
561,8,1,2,0.025521393402664,0.000223778532138026
562,8,2,2,0.0195677946556141,0.000639114921945167
563,8,3,1,0.0437977259318783,0.000246202134808953
564,8,4,5,0.0679995171541351,0.0679995171541351
565,8,5,4,0.0487871919088271,0.0487871919088271
566,8,6,4,0.0570154919108542,0.0570154919108542
567,8,7,2,0.047648196106801,0.00506427477825537
568,8,8,4,0.0628761470581646,0.0628761470581646
569,8,9,3,0.0593124676522974,0.0330943686842216
570,8,10,1,0.0481865067071084,0.00127054095677456
571,8,11,4,0.0639743853553024,0.0639743853553024
572,8,12,2,0.0510925107430664,0.0122766995446349
573,8,13,1,0.0191167432928285,0.00241008198220603
574,8,14,3,0.0492733909331524,0.0288866441745831
576,8,16,4,0.0339963396171317,0.011895958259931
577,8,17,2,0.0481729729623727,0.00184807279991229
578,8,18,3,0.0574211602409964,0.0357071590627746
579,8,19,4,0.0639805261008179,0.0639805261008179
580,8,20,4,0.0267552377975408,0.0267552377975408
581,8,21,5,0.0238507019185733,0.0238507019185733
582,8,22,1,0.0332704143807595,0.000101066679311929
583,8,23,2,0.0465431826511081,0.0204756324655051
584,8,24,1,0.036037463640746,6.67594507370557e-06
585,8,25,1,0.0706158597896705,0.000676358493215428
586,8,26,5,0.0444832015205237,0.0444832015205237
587,8,27,4,0.0308113368758083,0.0308113368758083
588,8,28,2,0.00793076221223269,0.00284204551421445
589,8,29,3,0.0866003213531376,0.0545597485406447
590,8,30,3,0.0461803729193629,0.0274385554262996
591,8,31,4,0.0733844839106425,0.0733844839106425
592,8,32,5,0.065685636702216,0.065685636702216
593,8,33,4,0.0487529924904957,0.028218557762401
594,8,34,3,0.0256026319630342,0.00596896142236909
595,8,35,1,0.0540784568020054,0.00277050656927901
596,8,36,5,0.0373664733480074,0.0373664733480074
597,8,37,5,0.0167292709009434,0.0167292709009434
598,8,38,1,0.0337388663425718,9.45281511223576e-05
599,8,39,2,0.0547240518470572,0.0138478746815936
600,8,40,2,0.0345155191190429,0.00283751567652197
601,8,41,5,0.0237675761330089,0.0237675761330089
602,8,42,5,0.0286955286791828,0.0286955286791828
603,8,43,3,0.0595164436012877,0.0595164436012877
604,8,44,3,0.0686609955855174,0.0686609955855174
605,8,45,3,0.0477307964694345,0.00666114771495937
606,8,46,5,0.0371183800757472,0.0371183800757472
607,8,47,2,0.0407239132742988,0.0193420374704979
608,8,48,5,0.0586817200800205,0.0586817200800205
609,8,49,5,0.0523008736353527,0.0523008736353527
610,8,50,4,0.0439470086993553,0.0439470086993553
611,8,51,1,0.0408796532454171,0.000797528166036219
612,8,52,2,0.0505289869879592,0.00607246009367077
613,8,53,4,0.0646613158296087,0.0646613158296087
614,8,54,3,0.0300948362645777,0.0300948362645777
615,8,55,4,0.0467791794122406,0.0467791794122406
616,8,56,3,0.0583810883648248,0.036768935323149
617,8,57,2,0.0633314141455778,0.0211420222122129
618,8,58,5,0.0113703648458243,0.0113703648458243
619,8,59,1,0.034144333645763,0.000130102360976502
620,8,60,1,0.0397580193505981,0.000113860865452473
621,8,61,5,0.0283788342453337,0.0283788342453337
622,8,62,2,0.0552026037535107,0.0320377730218305
623,8,63,4,0.0308986023377921,0.0308986023377921
624,8,64,1,0.0595924092778692,8.01296036337703e-05
625,8,65,3,0.0593715206053499,0.0319025832960038
626,8,66,5,0.0831187592617434,0.0831187592617434
627,8,67,2,0.0563990724824177,0.0171629468387212
628,8,68,2,0.0258336914727488,0.000804320747341984
629,8,69,1,0.0164533702948899,0.000128572649729933
630,8,70,3,0.0583064356804808,0.0333195435191414
631,8,71,5,0.0338065855810344,0.0338065855810344
632,8,72,1,0.0377996217203578,0.000164084699658155
633,8,73,3,0.0182727138147133,0.00733848667292315
634,8,74,1,0.0223189989987636,0.000475090485144688
635,8,75,1,0.0715786706627691,0.000130912615384065
636,8,76,4,0.0224434297586463,0.00896489568701569
637,8,77,4,0.0490818694217856,0.0490818694217856
638,8,78,5,0.0624381629006663,0.0624381629006663
639,8,79,3,0.0357906308509295,0.0357906308509295
640,8,80,3,0.0227368069791167,0.0152295670796367
641,9,1,2,0.0232976062610543,0.00202227534476208
642,9,2,2,0.0721697649345514,0.0213249379897944
643,9,3,5,0.091013612699484,0.091013612699484
644,9,4,5,0.0307926955305478,0.0307926955305478
645,9,5,3,0.0123668807876619,0.00518693572540805
646,9,6,4,0.0468526546840817,0.0468526546840817
647,9,7,1,0.00850818197049251,0.000978375765638956
648,9,8,5,0.0420326391730842,0.0420326391730842
649,9,9,5,0.0545350194709852,0.0545350194709852
650,9,10,1,0.0415894621362157,0.000102075142383104
651,9,11,2,0.0669113310800444,0.031460285428794
652,9,12,4,0.0156204224233276,0.0156204224233276
653,9,13,3,0.039415448511789,0.039415448511789
654,9,14,4,0.0398811389686249,0.0398811389686249
655,9,15,2,0.0370001585903276,0.00758723861369911
656,9,16,1,0.0418428423859702,8.93657376471034e-05
657,9,17,4,0.0371474372288687,0.0371474372288687
658,9,18,1,0.0129498658560349,0.000459938457674955
659,9,19,5,0.0481924221068921,0.0481924221068921
660,9,20,4,0.0489888324501751,0.0489888324501751
661,9,21,1,0.0547713279208677,0.00254397350209217
662,9,22,3,0.0264109739329684,0.010212098434871
663,9,23,5,0.0348668363150262,0.0348668363150262
664,9,24,3,0.055149538902634,0.0269404045583702
665,9,25,3,0.0273344930928404,0.0179908060382019
666,9,26,2,0.0472336844734829,0.00133337205911646
667,9,27,5,0.0812858203552924,0.0812858203552924
668,9,28,1,0.0404839627474303,0.000345430086580535
669,9,29,3,0.0567081340935435,0.0302407131851887
670,9,30,5,0.0630047600181526,0.0630047600181526
671,9,31,4,0.0461389570756311,0.0461389570756311
672,9,32,2,0.0562783268127829,0.00848704385587894
673,9,33,4,0.0437270991226131,0.0437270991226131
674,9,34,1,0.0227840038332929,0.00129601514285855
675,9,35,3,0.0694188978302828,0.0694188978302828
676,9,36,5,0.0258103227334824,0.0258103227334824
677,9,37,1,0.0295412841975045,1.04213258211237e-05
678,9,38,2,0.0388781887017564,0.00114735932243356
679,9,39,4,0.061603830603118,0.061603830603118
680,9,40,2,0.0592332009584653,0.0309983799269143
681,9,41,1,0.0557053568204164,8.83260456198936e-06
682,9,42,3,0.0811641312950623,0.046659838093865
683,9,43,3,0.0637728865942791,0.0637728865942791
684,9,44,4,0.0897332589299258,0.0897332589299258
685,9,45,4,0.049406406762538,0.0171070576645366
686,9,46,2,0.0480668708652444,0.0327385774000886
687,9,47,5,0.0767814536075996,0.0767814536075996
688,9,48,1,0.0188133147864619,7.94453229799057e-05
689,9,49,1,0.0215497423762249,0.000123166866943688
690,9,50,3,0.0653931165458856,0.0653931165458856
691,9,51,4,0.0489184771018622,0.0186742389550166
692,9,52,4,0.0501249170048934,0.0501249170048934
693,9,53,2,0.00813676574170006,0.00243748898475117
694,9,54,5,0.0316761315093327,0.0316761315093327
695,9,55,4,0.0473704263980956,0.0473704263980956
696,9,56,2,0.016512473173483,0.00223582134272414
697,9,57,2,0.0429431082874478,0.00151221190512159
698,9,58,3,0.0570432994059081,0.0332787872289801
699,9,59,4,0.0830246785701048,0.0830246785701048
700,9,60,3,0.0410610045004024,0.0217537534969905
701,9,61,2,0.0598371845462959,0.0162176966221354
702,9,62,3,0.0701651596190934,0.0439465319291606
703,9,63,3,0.0362475990284714,0.0362475990284714
704,9,64,2,0.0497390710229916,0.01279585300407
705,9,65,5,0.0094875718154085,0.0094875718154085
706,9,66,1,0.043265509552987,0.000292272690471919
707,9,67,5,0.0196034866737722,0.0196034866737722
708,9,68,1,0.0148146134087404,9.69764226227998e-05
709,9,69,5,0.0351192940962128,0.0351192940962128
710,9,70,1,0.0481009689534566,0.00590183610717989
711,9,71,2,0.0829093664009378,0.0276827171094606
712,9,72,1,0.0278484684691398,0.000121590082220299
713,9,73,3,0.0680054954510212,0.0680054954510212
714,9,74,4,0.0449840986291786,0.0449840986291786
715,9,75,5,0.0592833799879332,0.0592833799879332
716,9,76,2,0.0237932868409454,0.00168620530837263
717,9,77,4,0.0633114388412255,0.0633114388412255
718,9,78,5,0.0280961605042293,0.0280961605042293
719,9,79,3,0.0545715753677379,0.0325214857813147
720,9,80,1,0.0567565955576171,0.000102579732049473
721,10,1,5,0.0510710543518405,0.0510710543518405
722,10,2,1,0.0498495773272096,0.000375332141550074
723,10,3,4,0.0936900555017412,0.0936900555017412
724,10,4,1,0.0416617410668251,2.22393053595009e-05
725,10,5,2,0.0412083428699525,0.00411033652383331
726,10,6,3,0.0445450915183416,0.0239732239554978
727,10,7,2,0.0301345651138027,0.000201353289227312
728,10,8,1,0.0403313069992221,0.000740208529567618
729,10,9,1,0.0689219077034206,0.000485913527357361
730,10,10,2,0.0365609819164184,0.00346411418633536
731,10,11,2,0.0192094487960358,0.00130930579679113
732,10,12,4,0.107737801674117,0.107737801674117
733,10,13,1,0.0450793253368645,0.000467543057394922
734,10,14,1,0.0174926608715384,7.65368302460224e-05
735,10,15,1,0.0444241254100377,0.00017324685387484
736,10,16,3,0.0624544934889356,0.0624544934889356
737,10,17,3,0.0577280085370711,0.035563194665508
738,10,18,2,0.0511111657876141,0.00909494686387204
739,10,19,4,0.0470908485019409,0.0470908485019409
740,10,20,1,0.0547226077369937,6.88989964259782e-05
741,10,21,5,0.0566820103615484,0.0566820103615484
742,10,22,4,0.0727331167988909,0.0727331167988909
743,10,23,1,0.0443687867828528,0.00229622230655539
744,10,24,5,0.0413720957476795,0.0413720957476795
745,10,25,1,0.0262831923390271,0.000153618598648096
746,10,26,5,0.0400914826665505,0.0400914826665505
747,10,27,3,0.0551716898671104,0.0551716898671104
748,10,28,4,0.041358953851892,0.041358953851892
749,10,29,5,0.0667361719563009,0.0667361719563009
750,10,30,1,0.0401968389139363,0.00109045417176162
751,10,31,3,0.0291865312948556,0.01455788636222
752,10,32,4,0.072414083969243,0.072414083969243
753,10,33,4,0.0390253726717088,0.0390253726717088
754,10,34,5,0.063865109832018,0.063865109832018
755,10,35,5,0.0512463728398496,0.0512463728398496
756,10,36,1,0.0612425774541439,0.00122208204188037
757,10,37,5,0.0403157280041776,0.0403157280041776
758,10,38,3,0.0475549099384121,0.0475549099384121
759,10,39,4,0.0581963985655463,0.0581963985655463
760,10,40,1,0.0314871250806255,0.000122561893481176
761,10,41,4,0.0774806711764719,0.0774806711764719
762,10,42,2,0.060610939576087,0.0287555611490663
763,10,43,2,0.0552745565990171,0.0198887460888665
764,10,44,5,0.0457848754758225,0.0457848754758225
765,10,45,5,0.0816867474751602,0.0816867474751602
766,10,46,3,0.0584471612615696,0.0584471612615696
767,10,47,3,0.0526832899828882,0.040633463649509
768,10,48,3,0.0455490524646509,0.0225340900862756
769,10,49,4,0.0552655190396863,0.0552655190396863
770,10,50,2,0.0340273321446842,0.00264878353847179
771,10,51,3,0.0587756135912399,0.0388983622782357
773,10,53,3,0.0447070253516801,0.013011425613507
774,10,54,1,0.0395955664890958,0.000864947959804238
775,10,55,3,0.0386938676445593,0.0232237855236316
776,10,56,3,0.0986163733054936,0.0986163733054936
777,10,57,4,0.0416034093112521,0.0416034093112521
778,10,58,2,0.0488902322338449,0.0128899784057366
779,10,59,5,0.0225181845465459,0.0225181845465459
780,10,60,4,0.0441150555398484,0.0441150555398484
781,10,61,3,0.0504408361131804,0.0102514930595556
782,10,62,5,0.0405960962527073,0.0405960962527073
783,10,63,4,0.063791836597611,0.063791836597611
784,10,64,2,0.0491893412565187,0.0060433084717906
785,10,65,2,0.0540353366023935,0.00102590724597383
786,10,66,2,0.0486738496614652,0.00289783820602696
787,10,67,3,0.0245392606976976,0.00457392277378655
788,10,68,1,0.0344547884958034,0.000709451159663229
789,10,69,2,0.0503323253764145,0.0233470068214651
790,10,70,4,0.054479748914206,0.0279980696591802
791,10,71,3,0.0407744479589371,0.0151673828754633
792,10,72,5,0.0551898265070497,0.0551898265070497
793,10,73,5,0.0375750167076149,0.0375750167076149
794,10,74,2,0.0661377083076814,0.0382789620966266
795,10,75,2,0.0540207874276815,0.0067033766802561
796,10,76,2,0.0516390077071076,0.00598382521330984
797,10,77,4,0.058520063309467,0.058520063309467
798,10,78,5,0.0273923784123926,0.0273923784123926
799,10,79,4,0.0222676239427683,0.0222676239427683
800,10,80,1,0.0809834700112174,9.95828772122849e-05
801,11,1,3,0.0541569295590486,0.0336688924708737
802,11,2,3,0.0545713162850698,0.0545713162850698
803,11,3,1,0.038264120652404,1.8558670877821e-05
804,11,4,2,0.0288528492242265,0.00546105085365482
805,11,5,2,0.0516006111534344,0.00184867606119846
806,11,6,4,0.0667084510955928,0.0667084510955928
807,11,7,5,0.0439755879323394,0.0439755879323394
808,11,8,3,0.0740122650726999,0.0740122650726999
809,11,9,2,0.0204054725700214,0.00190600429444794
810,11,10,2,0.058802197644845,0.00563025214989772
811,11,11,3,0.0685679575701782,0.0233771110302672
812,11,12,5,0.0666272912136696,0.0666272912136696
813,11,13,1,0.0590055893478009,0.00010016773784883
814,11,14,4,0.0184910144974219,0.0184910144974219
815,11,15,5,0.0326842777372674,0.0326842777372674
816,11,16,3,0.0263227716655868,0.0158509577947087
817,11,17,1,0.0735802403738851,0.00164332784440965
818,11,18,3,0.0499171638356429,0.0336505295034559
819,11,19,1,0.0337621593198888,0.000101890394389078
820,11,20,3,0.0425982798089772,0.0174909485027388
821,11,21,3,0.0442568657275711,0.0247169572569854
822,11,22,4,0.00889354749882527,0.00889354749882527
823,11,23,3,0.0623963892482712,0.0623963892482712
824,11,24,2,0.0408235671905891,0.00572832352330112
825,11,25,1,0.0360031133387588,0.000215672621714715
826,11,26,5,0.0452366537259566,0.0452366537259566
827,11,27,2,0.00763489809631656,0.00371116244780796
828,11,28,5,0.0124315980729941,0.0124315980729941
829,11,29,5,0.0819191169573779,0.0819191169573779
830,11,30,2,0.0381460897053057,0.0019489102167317
831,11,31,2,0.0780313432932211,0.0375218441582684
832,11,32,5,0.074329606652633,0.074329606652633
833,11,33,5,0.0518010341407699,0.0518010341407699
834,11,34,1,0.0553824970507567,0.00104446688380856
835,11,35,4,0.0487667938385557,0.0487667938385557
836,11,36,2,0.0164468114170264,0.00102051342817877
837,11,37,4,0.0440504022936594,0.0440504022936594
838,11,38,4,0.0503150107359375,0.0503150107359375
839,11,39,5,0.0752288982396618,0.0752288982396618
840,11,40,3,0.0697558085467965,0.0697558085467965
841,11,41,3,0.0495119634538877,0.0495119634538877
842,11,42,1,0.051293419550404,0.0011798678202367
843,11,43,3,0.0817255669123979,0.0817255669123979
844,11,44,3,0.0877042909149001,0.0626471808653302
845,11,45,2,0.024712935096094,0.00237802446970531
846,11,46,1,0.0462674362728083,0.00284445809956736
847,11,47,1,0.0369529728101821,0.00465926315251927
848,11,48,1,0.059950744339384,0.00244588987020995
849,11,49,4,0.0510437243550096,0.0510437243550096
850,11,50,2,0.0217384672293039,0.00373490915346283
851,11,51,2,0.0303463769189647,0.0022815365019416
852,11,52,4,0.0666806144213812,0.0280739446636912
853,11,53,5,0.0281334662439723,0.0281334662439723
854,11,54,5,0.0625291108635348,0.0625291108635348
855,11,55,5,0.0688069197684746,0.0688069197684746
856,11,56,1,0.0205831705415664,0.000415646724786098
857,11,57,1,0.0371707281448778,8.69257175353723e-05
858,11,58,2,0.0612926545304372,0.0154896922006066
859,11,59,4,0.0540554854118291,0.0540554854118291
860,11,60,1,0.0474053807471121,7.62270123426874e-05
861,11,61,4,0.0125512443456064,0.0125512443456064
862,11,62,2,0.114729898089833,0.0270269042280255
863,11,63,4,0.0407104657437155,0.0407104657437155
864,11,64,3,0.0340311905107705,0.0160774082504679
865,11,65,5,0.0265923628117687,0.0265923628117687
866,11,66,5,0.047561885324376,0.047561885324376
867,11,67,3,0.0436915639164661,0.028271628928451
868,11,68,1,0.0556260825269386,0.000779924526537519
869,11,69,1,0.0501846050302454,0.0014225458628618
870,11,70,3,0.0580803711629155,0.0580803711629155
871,11,71,4,0.0658141166216638,0.0658141166216638
872,11,72,4,0.0756651193207357,0.0756651193207357
873,11,73,4,0.0737936626120272,0.0737936626120272
874,11,74,2,0.0469894596411209,0.0165439833833941
875,11,75,1,0.0753148983810081,0.000896489387135256
876,11,76,5,0.0329893819574978,0.0329893819574978
877,11,77,4,0.0382500136055733,0.0382500136055733
878,11,78,4,0.0610380112700822,0.0610380112700822
879,11,79,5,0.0611440690329378,0.0611440690329378
880,11,80,2,0.0637859189823731,0.0165022203945063
881,12,1,3,0.0328522874481659,0.0328522874481659
882,12,2,1,0.0446967973467889,0.000187102828590568
883,12,3,4,0.0825086893218464,0.0825086893218464
884,12,4,5,0.0385603553985544,0.0385603553985544
885,12,5,2,0.0327270820115452,0.000200875951990541
886,12,6,5,0.0418726635597469,0.0418726635597469
887,12,7,5,0.0564706236503124,0.0564706236503124
888,12,8,2,0.0393958609573286,0.00825007438364756
889,12,9,1,0.0877396537814728,0.000301340702423273
890,12,10,2,0.0365281734862415,0.0119928701729411
891,12,11,3,0.064394737697832,0.0374215005618876
892,12,12,4,0.06869950326966,0.06869950326966
893,12,13,5,0.0411083955530722,0.0411083955530722
894,12,14,5,0.0694539501072582,0.0694539501072582
895,12,15,2,0.0571930117468962,0.0292053074704038
896,12,16,4,0.0271963480020282,0.0271963480020282
897,12,17,1,0.061447245879414,0.000931230273142531
898,12,18,5,0.10489027260145,0.10489027260145
899,12,19,1,0.0527724185268985,0.00362794747212304
900,12,20,2,0.0640148898736266,0.02103493136278
901,12,21,3,0.0655915113358024,0.040196908049548
902,12,22,2,0.0317786858230356,0.00127086063684396
903,12,23,1,0.0222748884587953,0.000621942682027775
904,12,24,2,0.0355685469684558,0.00139934917362426
905,12,25,2,0.0569856197842433,0.0183483534881686
906,12,26,5,0.0584890886880823,0.0584890886880823
907,12,27,2,0.0757707200602079,0.0416941443634728
908,12,28,5,0.0500306029847168,0.0500306029847168
909,12,29,1,0.0255035574882374,0.000118868943400639
910,12,30,3,0.0225998815871715,0.00380088310583377
911,12,31,4,0.0521413639363842,0.0521413639363842
912,12,32,5,0.0908101174184833,0.0908101174184833
913,12,33,4,0.0433971338749005,0.0433971338749005
914,12,34,3,0.0502706331384696,0.0355451429350878
915,12,35,2,0.0668212729126527,0.0223412768687985
916,12,36,3,0.0497276613172652,0.0497276613172652
917,12,37,3,0.0414788021275405,0.0272257397815945
918,12,38,4,0.0252231623944309,0.0252231623944309
919,12,39,5,0.0584101061566667,0.0584101061566667
920,12,40,3,0.065501368561115,0.065501368561115
921,12,41,3,0.0350813848212198,0.00873582116886315
922,12,42,5,0.0283913638112373,0.0283913638112373
923,12,43,2,0.103914953715714,0.0361588481189706
924,12,44,2,0.020919541182861,0.0063499719737019
925,12,45,4,0.0742767431769784,0.0742767431769784
926,12,46,1,0.0434879141559667,1.77884263987567e-05
927,12,47,3,0.0361102841591785,0.0220646200298467
928,12,48,5,0.0816954344910796,0.0816954344910796
929,12,49,2,0.0494175219383133,0.00398174424780831
930,12,50,3,0.0492221129916566,0.028951910373757
931,12,51,5,0.068057128038737,0.068057128038737
932,12,52,3,0.0383098800268775,0.0287890615034208
933,12,53,1,0.0613625976642292,7.32694977666632e-06
934,12,54,4,0.0540949653674631,0.0540949653674631
935,12,55,3,0.0765820673238487,0.0406792196658409
936,12,56,4,0.0595912660931791,0.0312637352706474
937,12,57,2,0.0259677726281895,0.00632341030148575
938,12,58,4,0.064537529140244,0.064537529140244
939,12,59,1,0.0282261018475367,0.000812284865396538
940,12,60,5,0.0749734980598867,0.0749734980598867
941,12,61,1,0.0827462505605372,0.000816831711532304
942,12,62,4,0.0885475902766372,0.0885475902766372
943,12,63,4,0.067762783891882,0.067762783891882
944,12,64,3,0.0461129179097187,0.0254378568797499
945,12,65,3,0.051251686005653,0.0243401898121214
946,12,66,2,0.022521526216517,0.00565983440278754
947,12,67,3,0.0736187228275381,0.0400868717566217
948,12,68,1,0.0673866243809125,0.00171259213689208
949,12,69,1,0.0279668711798288,0.000309340341540926
950,12,70,4,0.0395802057864148,0.0395802057864148
951,12,71,5,0.0720973720626573,0.0720973720626573
952,12,72,2,0.0453416952094644,0.0189681093936203
953,12,73,1,0.0457454152482812,0.00422390880280799
954,12,74,1,0.0375040411369197,8.39067250052232e-05
955,12,75,1,0.0331202894263391,0.000160947849259528
956,12,76,4,0.0420443995713528,0.0420443995713528
957,12,77,1,0.0258343998476016,0.000196561702043112
958,12,78,4,0.0503277199165154,0.0503277199165154
959,12,79,4,0.0585464316192602,0.0585464316192602
960,12,80,5,0.03931776244361,0.03931776244361
962,13,2,3,0.0538110433738824,0.028145829435416
963,13,3,4,0.0580858113191108,0.0580858113191108
964,13,4,2,0.0356682177263163,0.00025107120442682
965,13,5,3,0.0540031859650904,0.0540031859650904
966,13,6,4,0.0601244713033714,0.0601244713033714
967,13,7,5,0.0393251345496018,0.0393251345496018
968,13,8,5,0.0480429604080746,0.0480429604080746
969,13,9,2,0.0364277676635607,0.0133757140349851
970,13,10,2,0.0563585682582741,0.0294931762036835
971,13,11,4,0.0363802925441334,0.0363802925441334
972,13,12,5,0.0288420729956465,0.0288420729956465
973,13,13,4,0.0356678162917077,0.0356678162917077
974,13,14,3,0.0823668561743939,0.0823668561743939
975,13,15,3,0.0463103752390635,0.0262493122129347
976,13,16,3,0.0626786588177905,0.0626786588177905
977,13,17,2,0.0444071987479969,0.00295849125884041
978,13,18,5,0.0593394096772668,0.0593394096772668
979,13,19,4,0.0306072998410544,0.0306072998410544
980,13,20,1,0.0275452249643172,0.000370087932930932
981,13,21,3,0.0778607969629334,0.0778607969629334
982,13,22,5,0.0479020731024894,0.0479020731024894
983,13,23,4,0.0313375511001447,0.0313375511001447
984,13,24,5,0.0683202236348908,0.0683202236348908
985,13,25,2,0.062856491843669,0.0165223736006871
986,13,26,1,0.0446659441022254,0.000547606761009133
987,13,27,2,0.0265376631610006,0.0039312941062633
988,13,28,1,0.0314029349301298,0.000646317311709454
989,13,29,1,0.0192719087273048,0.000890955748631623
990,13,30,2,0.0285889554681362,0.00200130165181375
991,13,31,2,0.0717822371853105,0.0129356040292823
992,13,32,1,0.0487142002061014,0.00031848991044832
993,13,33,4,0.0620997150052933,0.0620997150052933
994,13,34,2,0.0762282438373965,0.0248812412878519
995,13,35,5,0.0275023550403768,0.0275023550403768
996,13,36,5,0.0343496765809189,0.0343496765809189
997,13,37,4,0.0539663822842259,0.0539663822842259
998,13,38,2,0.044376424251557,0.0136511596851682
999,13,39,2,0.0368341282451292,0.0128762110258563
1000,13,40,5,0.032188839143801,0.032188839143801
1001,13,41,5,0.0598164127245504,0.0598164127245504
1002,13,42,1,0.0107121936328985,0.00128944426402839
1003,13,43,1,0.0513789048898585,0.000174965415325218
1004,13,44,4,0.0173708552492625,0.0173708552492625
1005,13,45,3,0.0490298390412548,0.0257845099811788
1006,13,46,4,0.0148645798213407,0.0148645798213407
1007,13,47,1,0.0332406699265878,0.00142338726624954
1008,13,48,4,0.0816940723097659,0.0816940723097659
1009,13,49,2,0.065822583020172,0.0243181852864912
1010,13,50,5,0.0593001211335648,0.0593001211335648
1011,13,51,4,0.0691284504184416,0.0691284504184416
1012,13,52,5,0.0533400601633347,0.0533400601633347
1013,13,53,1,0.0351832222036095,0.000804021880691304
1014,13,54,1,0.00722638757524534,5.40216233183971e-05
1015,13,55,5,0.0486439513347765,0.0486439513347765
1016,13,56,1,0.0448396128599626,4.81280799445774e-06
1017,13,57,4,0.0611747768052825,0.0611747768052825
1018,13,58,1,0.0177383462590418,8.86205626146953e-05
1019,13,59,3,0.0558597274601316,0.0558597274601316
1020,13,60,4,0.0426501364872754,0.0426501364872754
1021,13,61,3,0.0611590438685076,0.0313731981721581
1022,13,62,3,0.0502473893441588,0.03278817259949
1023,13,63,3,0.0637667328956444,0.0637667328956444
1024,13,64,4,0.0770665331929746,0.0770665331929746
1025,13,65,1,0.0368789302857335,0.000821323422376818
1026,13,66,1,0.0291400432247594,0.00081389671357423
1027,13,67,3,0.0750292338293045,0.0388574423857171
1028,13,68,2,0.0401038517777971,0.00733520213249507
1029,13,69,1,0.0647752070885407,8.92380427010983e-06
1030,13,70,5,0.0407679080012969,0.0407679080012969
1031,13,71,3,0.0482129347085651,0.0277355313577672
1032,13,72,3,0.0532753703792146,0.0532753703792146
1033,13,73,2,0.0599086000469379,0.0248519298349977
1034,13,74,2,0.063812313169951,0.0190305173988828
1035,13,75,2,0.0243855245258797,0.000511036359170267
1036,13,76,5,0.0427741017941284,0.0427741017941284
1037,13,77,3,0.054996199376072,0.0309700606589687
1038,13,78,5,0.0447198395931695,0.0447198395931695
1039,13,79,3,0.0395564145719266,0.0228207564772531
1040,13,80,4,0.0780895188962685,0.0780895188962685
1041,14,1,1,0.0434286112989791,8.36698400602413e-05
1042,14,2,5,0.0413564993764022,0.0413564993764022
1043,14,3,2,0.0351099683507879,0.0127319885025056
1044,14,4,4,0.0665855936846909,0.0665855936846909
1045,14,5,1,0.0174916733677333,0.000215749325337309
1046,14,6,2,0.0292313192493063,0.00117266416021626
1047,14,7,1,0.0302235119362014,0.000572879421290184
1048,14,8,2,0.0738394494010845,0.0374754985060946
1049,14,9,2,0.0435566387937847,0.00246010667234932
1050,14,10,2,0.0516231949450745,0.00793048349809935
1051,14,11,5,0.0216294547630306,0.0216294547630306
1052,14,12,1,0.0514179085159467,0.00103581688299444
1053,14,13,5,0.0210439544523503,0.0210439544523503
1054,14,14,1,0.0309271725920912,0.000108107361327219
1055,14,15,5,0.0196293106762935,0.0196293106762935
1056,14,16,3,0.0485537977709266,0.0266881403734038
1057,14,17,3,0.021019083824139,0.00576384083252428
1058,14,18,1,0.0288740633198822,0.000120898431581541
1059,14,19,1,0.0185653037504702,0.000137608201469251
1060,14,20,3,0.0690613701237106,0.0525965664616048
1061,14,21,3,0.0354672097231967,0.0149225478411746
1062,14,22,4,0.0627184842502492,0.0627184842502492
1063,14,23,5,0.0398006566870904,0.0398006566870904
1064,14,24,2,0.0715259859656051,0.0244388088867221
1065,14,25,5,0.0793613838855206,0.0793613838855206
1066,14,26,1,0.0312458607861504,0.000643854250154623
1067,14,27,3,0.0514316284775376,0.0254719438360742
1068,14,28,5,0.0392328971042271,0.0392328971042271
1069,14,29,5,0.0349399563636821,0.0349399563636821
1070,14,30,1,0.0366599239685368,0.00131336562446598
1071,14,31,4,0.0848436900594699,0.0848436900594699
1072,14,32,2,0.0821409217488824,0.0455472961966807
1073,14,33,2,0.0200291303035713,0.00420310876784767
1074,14,34,4,0.0537381679876436,0.0537381679876436
1075,14,35,2,0.0481913456551158,0.00216025993571635
1076,14,36,3,0.0535661027947775,0.0181060371563449
1077,14,37,3,0.0684955551722853,0.0436537524872377
1078,14,38,4,0.0713356094230954,0.0713356094230954
1079,14,39,3,0.0626360892474482,0.0359626062680308
1080,14,40,5,0.0398435542342139,0.0398435542342139
1081,14,41,5,0.0865601874203438,0.0865601874203438
1082,14,42,3,0.0363346611418997,0.00484753282286833
1083,14,43,4,0.0735699092036345,0.0735699092036345
1084,14,44,4,0.0450229441399926,0.0450229441399926
1085,14,45,1,0.0352007778514526,0.000121070152256523
1086,14,46,2,0.0693909279009327,0.0332064444252038
1087,14,47,5,0.0265606110692989,0.0265606110692989
1088,14,48,4,0.0658233106852722,0.0658233106852722
1089,14,49,2,0.0561228482661384,0.0139318758098167
1090,14,50,4,0.0645762996619151,0.0341360011729546
1091,14,51,1,0.050771477378526,0.000702588116068558
1092,14,52,4,0.0799545171873871,0.0799545171873871
1093,14,53,1,0.0261085140414448,0.000321193044703491
1094,14,54,5,0.0507986103350032,0.0507986103350032
1095,14,55,3,0.0631006318737498,0.0311942522856439
1096,14,56,1,0.0385074864914543,0.000940022901753957
1097,14,57,2,0.0580118881077434,0.0372795542573674
1098,14,58,4,0.0488881056759988,0.0488881056759988
1099,14,59,3,0.0513921975074354,0.0513921975074354
1100,14,60,5,0.0370015482173846,0.0370015482173846
1101,14,61,4,0.076670331654315,0.076670331654315
1102,14,62,4,0.064895683462653,0.064895683462653
1103,14,63,4,0.0266983744486612,0.0266983744486612
1104,14,64,3,0.057964826340893,0.057964826340893
1105,14,65,5,0.0826684153524965,0.0826684153524965
1106,14,66,2,0.0559737050984415,0.0146025947442674
1107,14,67,2,0.058333175176178,0.0153685121012958
1108,14,68,4,0.0569196541153771,0.0285125950267511
1109,14,69,3,0.0460836780860213,0.0227037580469625
1111,14,71,4,0.0441832858662055,0.01632829617339
1112,14,72,1,0.026151629683831,9.26098291323473e-05
1113,14,73,3,0.0722003853508364,0.048925764159111
1114,14,74,3,0.0370627480531775,0.003078710570128
1115,14,75,1,0.054121486880229,0.00735074981714943
1116,14,76,5,0.0620422488648838,0.0620422488648838
1117,14,77,1,0.0655760657196767,0.00283426844820194
1118,14,78,5,0.074721175573446,0.074721175573446
1119,14,79,3,0.052839046813048,0.0292594038416016
1120,14,80,2,0.0308098242183885,0.00539757316537263
1121,15,1,3,0.0629286479643863,0.0387120045992673
1122,15,2,3,0.0451971166718698,0.022608574424598
1123,15,3,1,0.0199593143696041,0.000107168407708567
1124,15,4,2,0.0590079211948575,0.0221727759826654
1125,15,5,1,0.062863392064253,0.0019374379943101
1126,15,6,2,0.0663781747468493,0.0362724427322727
1127,15,7,4,0.0468002467545688,0.0468002467545688
1128,15,8,5,0.0245358113844765,0.0245358113844765
1129,15,9,2,0.0562730427828907,0.0181564291035795
1130,15,10,2,0.0763433837217217,0.0181720766826846
1131,15,11,3,0.0517681540295631,0.030223605128526
1132,15,12,2,0.0526282303697569,0.0134981343997751
1133,15,13,2,0.043807377624299,0.00103549947012281
1134,15,14,2,0.033775137389061,0.00254030389101429
1136,15,16,5,0.0614843526625086,0.0614843526625086
1137,15,17,1,0.0400935493961733,0.000530664136188881
1138,15,18,4,0.0546203398268219,0.0546203398268219
1139,15,19,5,0.0731452174564386,0.0731452174564386
1140,15,20,3,0.0805153769004652,0.0588790067585206
1141,15,21,5,0.057099743662738,0.057099743662738
1142,15,22,2,0.0176773126284763,0.000410572108233775
1143,15,23,2,0.010508362923903,0.00348694936366228
1144,15,24,4,0.0525280091293182,0.0525280091293182
1145,15,25,5,0.0300227509419608,0.0300227509419608
1146,15,26,3,0.0220447302022581,0.0100918232259615
1147,15,27,3,0.0201335689514386,0.0126298697336575
1148,15,28,5,0.0565192738834759,0.0565192738834759
1149,15,29,4,0.0664222226375985,0.0664222226375985
1150,15,30,3,0.0716690314556094,0.0463846585972448
1151,15,31,4,0.0277551150395835,0.0100126089767773
1152,15,32,3,0.0402006250867614,0.0126666434282708
1153,15,33,1,0.0621899432971783,0.00665393025456135
1154,15,34,1,0.0538176580518521,0.000233530426260474
1155,15,35,3,0.0723557221037264,0.0723557221037264
1156,15,36,2,0.0577555545893505,0.019464588097864
1157,15,37,1,0.0323296010925814,0.00129632709651533
1158,15,38,3,0.0644529206576059,0.0356470953051308
1159,15,39,1,0.013526132342814,0.000131276776360577
1160,15,40,1,0.048268611513465,9.1301410891954e-05
1161,15,41,5,0.0815557973057798,0.0815557973057798
1162,15,42,1,0.0195910128408569,0.0012587094507726
1163,15,43,5,0.055611244052267,0.055611244052267
1164,15,44,5,0.022481026039763,0.022481026039763
1165,15,45,1,0.0405688857857854,0.00116325964758922
1166,15,46,4,0.0587462720993306,0.0587462720993306
1167,15,47,2,0.0527633350814557,0.000328871006032722
1168,15,48,2,0.0212386038584414,0.00121902311557559
1169,15,49,4,0.0775216276122796,0.0775216276122796
1170,15,50,4,0.0438655019160842,0.0198145620556633
1171,15,51,4,0.0547784029369739,0.0374774597189961
1172,15,52,1,0.0304847248625233,0.00010186429287498
1173,15,53,5,0.046364952637437,0.046364952637437
1174,15,54,1,0.073498546233878,1.18002642316922e-05
1175,15,55,4,0.0195597515457947,0.0195597515457947
1176,15,56,1,0.0351611203308316,1.12996322998071e-05
1177,15,57,2,0.0296790353826657,0.0089954098376342
1178,15,58,3,0.0454332752443512,0.0235250046232942
1179,15,59,4,0.0561803082315484,0.0561803082315484
1180,15,60,1,0.0312395213779406,0.000113506754307093
1181,15,61,4,0.0571420992848188,0.0571420992848188
1182,15,62,4,0.0569990744462602,0.0569990744462602
1183,15,63,5,0.0180611125579519,0.0180611125579519
1184,15,64,5,0.0297855532753223,0.0297855532753223
1185,15,65,1,0.0509603513647066,9.6530913940133e-05
1186,15,66,2,0.0432210248815149,0.000864133241838871
1187,15,67,3,0.0373225802569011,0.0116163190368412
1188,15,68,1,0.0820035431338941,0.00537152231666638
1189,15,69,4,0.03591606535186,0.0241462798677871
1190,15,70,2,0.0464861771147364,0.0120710338048879
1191,15,71,2,0.0625063659732053,0.00657518632001782
1192,15,72,3,0.0653822557459569,0.0336039775150087
1193,15,73,4,0.044824729261625,0.044824729261625
1194,15,74,3,0.03879618003096,0.03879618003096
1195,15,75,5,0.0392978037546868,0.0392978037546868
1196,15,76,5,0.0263513249700195,0.0263513249700195
1197,15,77,4,0.0526026425225074,0.0526026425225074
1198,15,78,3,0.0353937619966796,0.0154935449735227
1199,15,79,3,0.0290158732545565,0.0290158732545565
1200,15,80,5,0.0158459969905355,0.0158459969905355
1201,16,1,1,0.0468193109173052,1.72840952721982e-05
1202,16,2,2,0.00824654419604765,0.00157298075310185
1203,16,3,2,0.0386753518894719,0.012498409499754
1204,16,4,2,0.0357850655731605,0.000282389324826469
1205,16,5,3,0.0364815061224066,0.0364815061224066
1206,16,6,2,0.0567398096538735,0.0161160642734219
1207,16,7,2,0.0432082634526701,0.00228627467908158
1208,16,8,3,0.0231095058200779,0.00819695189515494
1209,16,9,3,0.0263882584342063,0.00956204240737698
1210,16,10,4,0.0349031083896621,0.0349031083896621
1211,16,11,4,0.0693187577056064,0.0693187577056064
1212,16,12,2,0.0292690510244166,0.0208161788637165
1213,16,13,2,0.0616748412372759,0.0116302763471543
1214,16,14,1,0.0448241034113406,0.000746438350163209
1215,16,15,5,0.0256984050000691,0.0256984050000691
1216,16,16,1,0.0375660738773198,2.51768621708733e-05
1217,16,17,3,0.0318567347629017,0.0318567347629017
1218,16,18,1,0.0773214432983209,0.00111521093114416
1219,16,19,3,0.0288403809247823,0.0110944904113033
1220,16,20,4,0.0748401573633538,0.0748401573633538
1221,16,21,2,0.0488022676395847,0.0182882687689866
1222,16,22,5,0.0497086314350052,0.0497086314350052
1223,16,23,2,0.024669891874604,0.000449619518281543
1224,16,24,2,0.031111112180976,0.00281556825845242
1225,16,25,4,0.0344579452846709,0.0344579452846709
1226,16,26,5,0.0515084179466331,0.0515084179466331
1227,16,27,5,0.0167906697783569,0.0167906697783569
1228,16,28,4,0.0430027957710555,0.0430027957710555
1229,16,29,3,0.0541924406274503,0.0324720158334836
1230,16,30,2,0.0526569870360035,0.0314723601557753
1231,16,31,1,0.0562547073833907,0.00229509443013162
1232,16,32,1,0.05390692276329,1.61820283859358e-05
1233,16,33,3,0.0429401171380838,0.0262031933909392
1234,16,34,4,0.0704241784209063,0.0704241784209063
1235,16,35,5,0.0386310393245312,0.0386310393245312
1236,16,36,5,0.055387446601684,0.055387446601684
1237,16,37,3,0.0280436160441909,0.00521258022499611
1238,16,38,4,0.0679785871224266,0.0679785871224266
1239,16,39,3,0.0115563726043621,0.00317156773075331
1240,16,40,4,0.0653699792578576,0.0653699792578576
1241,16,41,5,0.0633898134799307,0.0633898134799307
1242,16,42,4,0.0650809778259656,0.0414654115324603
1243,16,43,1,0.0291306860894823,7.57014802361391e-05
1244,16,44,1,0.0570803652158397,0.00173754789856756
1245,16,45,5,0.0293508227171853,0.0293508227171853
1246,16,46,1,0.0370980141119074,0.00280817846715102
1247,16,47,2,0.0202040602799657,0.00443255308646665
1248,16,48,4,0.0644318527472985,0.0644318527472985
1249,16,49,3,0.0594810503742646,0.0331854311588681
1250,16,50,5,0.0424810311572115,0.0424810311572115
1251,16,51,4,0.0643104442417038,0.0643104442417038
1252,16,52,2,0.0364268580609785,0.00384365507302915
1253,16,53,5,0.0629193050108406,0.0629193050108406
1254,16,54,4,0.0544937810145729,0.0544937810145729
1255,16,55,1,0.0401058150892945,0.00110881831933007
1256,16,56,3,0.0355739934948111,0.0160632085044302
1257,16,57,1,0.0415042907090973,0.000951547258734081
1258,16,58,1,0.0430219763375487,0.000131093201934085
1259,16,59,5,0.0353000008375206,0.0353000008375206
1260,16,60,1,0.0525127953818649,0.000117149078127736
1261,16,61,2,0.0439006740516929,0.000801578741213292
1262,16,62,4,0.0377262986322217,0.0377262986322217
1263,16,63,4,0.0788429635135836,0.0788429635135836
1264,16,64,5,0.0917248363749657,0.0917248363749657
1265,16,65,2,0.0244289514531466,0.000470119275368078
1266,16,66,5,0.0267022879486171,0.0267022879486171
1267,16,67,4,0.0460691744988325,0.0460691744988325
1268,16,68,3,0.0444492922358889,0.0158755771188912
1269,16,69,3,0.0581930074726147,0.0188812531987068
1270,16,70,5,0.0538784609330608,0.0538784609330608
1271,16,71,1,0.0500844922406287,0.00418943450123991
1272,16,72,5,0.0549910679273516,0.0549910679273516
1273,16,73,2,0.0426995041349702,0.0113257597228895
1274,16,74,1,0.0619549812408996,2.83162012950854e-05
1275,16,75,1,0.0147045059453781,0.000299925552096924
1276,16,76,3,0.0123081600276343,0.0060811758116057
1277,16,77,3,0.034333691361554,0.00847269245724844
1278,16,78,3,0.0446542115305858,0.0305017367670421
1279,16,79,5,0.0605026475120145,0.0605026475120145
1280,16,80,4,0.0340756680111636,0.00781902617788154
1281,17,1,5,0.0653005598500971,0.0653005598500971
1282,17,2,5,0.0363957300551677,0.0363957300551677
1283,17,3,1,0.0325000641717106,3.47230055060823e-05
1284,17,4,1,0.026081222592012,0.00189068168234594
1285,17,5,3,0.0626549375408284,0.0414432170589717
1286,17,6,1,0.056145947770602,0.000107737559520734
1287,17,7,1,0.0417365386043723,0.000607483932873885
1288,17,8,2,0.071470147758824,0.0402735400879862
1289,17,9,5,0.0617258064809922,0.0617258064809922
1290,17,10,4,0.0519479890027978,0.0519479890027978
1291,17,11,4,0.0416836977136729,0.0416836977136729
1292,17,12,1,0.0439697609255219,0.000132951466799572
1293,17,13,1,0.0432112873227077,1.69887104097291e-05
1294,17,14,3,0.0382530384451378,0.0188114893178593
1295,17,15,2,0.0468168720820482,0.017793837146397
1296,17,16,2,0.0296245078711579,0.00303796559005186
1297,17,17,2,0.0712866464789413,0.0388678427302311
1298,17,18,1,0.0494902313141321,0.00106890852478816
1299,17,19,2,0.0736663956277678,0.0206133883207745
1300,17,20,4,0.0244918175817544,0.0244918175817544
1301,17,21,2,0.0735225530898704,0.0197289906617411
1302,17,22,1,0.0201105619631384,0.00102044221992452
1303,17,23,5,0.0768026103798254,0.0768026103798254
1304,17,24,5,0.0489866117098273,0.0489866117098273
1305,17,25,3,0.0759119793535946,0.0759119793535946
1306,17,26,4,0.0329797400637266,0.0329797400637266
1307,17,27,3,0.0210897240323458,0.00420878314361599
1308,17,28,5,0.0591553895995402,0.0591553895995402
1309,17,29,5,0.0523158225093275,0.0523158225093275
1310,17,30,5,0.0247965271259154,0.0247965271259154
1311,17,31,3,0.0433438817400473,0.0200661290920335
1312,17,32,1,0.0571438712275618,0.000121038234520597
1313,17,33,2,0.0862265270286388,0.0589509281812854
1314,17,34,1,0.031870680619713,0.00081866582158709
1315,17,35,4,0.0551083135432777,0.0551083135432777
1316,17,36,3,0.0645334216244315,0.0645334216244315
1317,17,37,2,0.0265643867869017,0.00179651793855468
1318,17,38,4,0.0641576317528103,0.0184406684627945
1319,17,39,5,0.0630908065362555,0.0630908065362555
1320,17,40,2,0.0361538444443954,0.00436965321870273
1321,17,41,5,0.06598071417518,0.06598071417518
1322,17,42,1,0.0455430630398697,9.53968598938296e-06
1323,17,43,4,0.0690927055488918,0.0690927055488918
1324,17,44,3,0.0884275968945949,0.0884275968945949
1325,17,45,4,0.0633810719800848,0.0344386626923552
1326,17,46,4,0.0141399297859188,0.0141399297859188
1327,17,47,2,0.0439617593740086,0.0106742911634155
1328,17,48,5,0.0476371147971548,0.0476371147971548
1329,17,49,4,0.0499244066793282,0.0499244066793282
1330,17,50,2,0.0522029808881178,0.0346101195437701
1331,17,51,3,0.00797989626056681,0.00797989626056681
1332,17,52,4,0.0441920238980871,0.0441920238980871
1333,17,53,3,0.00933323928616494,0.00497595182197091
1334,17,54,3,0.086842049358186,0.0577399107921589
1335,17,55,1,0.0609350220038816,0.00034227263572554
1336,17,56,1,0.0308936379879578,0.00231351163328102
1337,17,57,5,0.0585639819150772,0.0585639819150772
1338,17,58,5,0.0467677036857128,0.0467677036857128
1339,17,59,2,0.0520515711558452,0.0350665420408524
1340,17,60,4,0.067394813707062,0.067394813707062
1341,17,61,3,0.0820670621897821,0.0820670621897821
1342,17,62,3,0.0518933527266399,0.0314049031274575
1343,17,63,5,0.0287543345417082,0.0287543345417082
1344,17,64,3,0.0419233163619941,0.0181890052405512
1345,17,65,2,0.0747585225712835,0.0471078431250402
1346,17,66,4,0.0466244198769033,0.0466244198769033
1347,17,67,2,0.0166651819730214,0.00053924166364631
1348,17,68,1,0.044559872168242,0.00144758180572173
1349,17,69,3,0.00770670574617764,0.00433346714274752
1350,17,70,4,0.0723367275783097,0.0723367275783097
1351,17,71,5,0.050942637694943,0.050942637694943
1352,17,72,2,0.02611314280535,0.00116725235127468
1353,17,73,1,0.0257339880398114,6.33911942750397e-05
1354,17,74,3,0.0442363413345943,0.0193007574290554
1355,17,75,4,0.055814875170223,0.055814875170223
1356,17,76,5,0.0590736567253105,0.0590736567253105
1357,17,77,4,0.0295741422622894,0.0091666463644733
1358,17,78,1,0.0386014908167227,0.0015286617268393
1359,17,79,2,0.0553683533090806,0.0346379336890341
1360,17,80,3,0.0353503369426253,0.0232344858960933
1361,18,1,5,0.0542778012891023,0.0542778012891023
1362,18,2,2,0.0574023699513427,0.0251929303731782
1363,18,3,1,0.0244076936831584,8.02714901180296e-05
1364,18,4,4,0.0535057997638708,0.0535057997638708
1365,18,5,5,0.0293705096370316,0.0293705096370316
1366,18,6,3,0.0773375909950008,0.0773375909950008
1367,18,7,1,0.0406367747835007,5.40981270656904e-05
1368,18,8,2,0.0989750387829459,0.0440601067127245
1369,18,9,4,0.0624120517417871,0.0624120517417871
1370,18,10,3,0.0315254053118422,0.00607969839966398
1371,18,11,3,0.0729037267550042,0.0729037267550042
1372,18,12,3,0.0837552208302664,0.0837552208302664
1373,18,13,3,0.0834938782384004,0.0526123321783076
1374,18,14,4,0.0620472479423823,0.0620472479423823
1375,18,15,4,0.0621185172616022,0.0393763382860032
1376,18,16,4,0.0509458596143056,0.0509458596143056
1377,18,17,3,0.0448086591332607,0.0276234602564725
1378,18,18,4,0.0798902191775139,0.0798902191775139
1379,18,19,5,0.0524139480377432,0.0524139480377432
1380,18,20,4,0.0601171128780491,0.0320101866437706
1381,18,21,1,0.034580678587967,0.00140995910185218
1382,18,22,4,0.0431530947431324,0.0431530947431324
1383,18,23,3,0.0478369977010789,0.0236974808276079
1384,18,24,3,0.0345130211686432,0.0345130211686432
1385,18,25,5,0.0406315696440068,0.0406315696440068
1386,18,26,3,0.0216080157557413,0.00954444329233734
1387,18,27,4,0.0130620736759924,0.0130620736759924
1388,18,28,5,0.0422077947887781,0.0422077947887781
1389,18,29,2,0.0310342006028568,0.0223854816678666
1390,18,30,2,0.0318289536574098,0.00322249619302731
1391,18,31,2,0.0324000337653609,0.00880214046016347
1392,18,32,2,0.050085813144943,0.0183442484328845
1393,18,33,1,0.0342136530606347,0.000115338544242363
1394,18,34,5,0.0454384186193973,0.0454384186193973
1395,18,35,2,0.0465636623620522,0.00124180008632159
1396,18,36,2,0.0523713174177258,0.0233773842130789
1397,18,37,3,0.0393248433271758,0.0191344879606988
1398,18,38,2,0.0586199476545025,0.0172203805412317
1399,18,39,5,0.0452994687069531,0.0452994687069531
1400,18,40,4,0.0444109822148194,0.0444109822148194
1401,18,41,3,0.0543022294578392,0.0200445176021988
1402,18,42,1,0.033636527414012,0.00202689557438136
1403,18,43,4,0.0503348533745017,0.0503348533745017
1404,18,44,1,0.0285713299434517,0.000145218654249221
1405,18,45,5,0.0334794982090497,0.0334794982090497
1406,18,46,5,0.0479187722434055,0.0479187722434055
1407,18,47,2,0.0408617510507965,0.010723766839415
1408,18,48,2,0.0184119913717484,0.00279619851093218
1409,18,49,3,0.0636994864312751,0.0636994864312751
1410,18,50,1,0.0325982153598029,0.000146874494793452
1411,18,51,1,0.0259834436188976,0.000647907750135386
1412,18,52,2,0.0620324895883134,0.0399811897062679
1413,18,53,1,0.0273870350300666,0.00085078422061224
1414,18,54,4,0.0600613082390773,0.0600613082390773
1415,18,55,1,0.0353279395779482,9.5426370439001e-06
1416,18,56,1,0.0350357573261069,0.00250936325870174
1417,18,57,3,0.0397149181723525,0.0342489526067917
1418,18,58,2,0.0096355827737529,0.00057243075559499
1419,18,59,3,0.0129687443799944,0.0129687443799944
1420,18,60,5,0.0541999956820648,0.0541999956820648
1421,18,61,3,0.0718773554314427,0.0337243533580031
1422,18,62,2,0.0638488496537481,0.019077779672677
1423,18,63,5,0.0672138716879933,0.0672138716879933
1424,18,64,5,0.0235614635926754,0.0235614635926754
1425,18,65,1,0.080016360065259,0.000975583572606089
1426,18,66,4,0.0559921985420381,0.0559921985420381
1427,18,67,5,0.0310676104301483,0.0310676104301483
1428,18,68,4,0.0677248478298499,0.0213424091064364
1429,18,69,5,0.0439617389356134,0.0439617389356134
1430,18,70,1,0.0290152976687595,0.000124405063698155
1431,18,71,1,0.0660202186677149,0.00469138360167089
1432,18,72,4,0.0216200971796841,0.0216200971796841
1433,18,73,4,0.0506715962689751,0.0506715962689751
1434,18,74,1,0.038070821245833,0.000144061694115648
1435,18,75,1,0.052115138039555,0.000930535372195213
1436,18,76,2,0.0473498573210246,0.00635574547708033
1437,18,77,2,0.0525780174042474,0.012591932364195
1438,18,78,3,0.0273736782149762,0.0118979293284158
1439,18,79,5,0.0241446618819725,0.0241446618819725
1440,18,80,5,0.0340393049415698,0.0340393049415698
1441,19,1,4,0.0468028191809785,0.0468028191809785
1442,19,2,3,0.0357053359524875,0.0357053359524875
1443,19,3,4,0.0518422564943764,0.0518422564943764
1444,19,4,2,0.0482218467757711,0.00488682527066523
1445,19,5,5,0.0509347466316252,0.0509347466316252
1446,19,6,1,0.0629026933831147,0.000105240208574751
1447,19,7,3,0.0462722255943113,0.0462722255943113
1448,19,8,1,0.0189928516407216,0.00208554077778615
1449,19,9,2,0.0466329083481573,0.0101515359645956
1450,19,10,3,0.0699126430551881,0.0699126430551881
1451,19,11,4,0.0642002571317314,0.0642002571317314
1452,19,12,1,0.044029021739232,0.000114766064516443
1453,19,13,2,0.0417107702112085,0.000380245655768656
1454,19,14,1,0.0467993431706072,0.000592285067007811
1455,19,15,2,0.0705569940037176,0.0294554726323689
1456,19,16,1,0.0541271636402665,0.00110808297887415
1457,19,17,4,0.0676597400809198,0.038409328118227
1458,19,18,2,0.0571769981655389,0.0135461011447467
1459,19,19,5,0.0664707203305783,0.0664707203305783
1460,19,20,2,0.0399037333840353,0.0151043638958458
1461,19,21,2,0.0652704556665193,0.0233987099619791
1462,19,22,5,0.0559279682484595,0.0559279682484595
1463,19,23,5,0.0483258408701275,0.0483258408701275
1464,19,24,5,0.0372150031990938,0.0372150031990938
1465,19,25,2,0.0691157889241345,0.0170330090397057
1466,19,26,5,0.0514932463830382,0.0514932463830382
1467,19,27,4,0.0424983496407167,0.0424983496407167
1468,19,28,4,0.0547365107903318,0.0547365107903318
1469,19,29,1,0.05147491417686,2.3655591743135e-05
1470,19,30,1,0.0692968497801328,0.00115646090649169
1471,19,31,3,0.0596454457037369,0.0393685019279259
1472,19,32,5,0.0600627353318223,0.0600627353318223
1473,19,33,3,0.0361407053267328,0.0221376159599525
1474,19,34,3,0.054034077013846,0.0326604399605817
1475,19,35,5,0.0556509674898919,0.0556509674898919
1476,19,36,4,0.0683419240921771,0.0683419240921771
1477,19,37,4,0.0556315928141435,0.0556315928141435
1478,19,38,3,0.0639244071960939,0.0639244071960939
1479,19,39,5,0.0545157944897687,0.0545157944897687
1480,19,40,5,0.0505842293979064,0.0505842293979064
1481,19,41,3,0.0520957841348652,0.032091053415915
1482,19,42,2,0.0331072489907845,0.0125154725043238
1483,19,43,3,0.0570125380305656,0.0570125380305656
1484,19,44,5,0.0610239514499568,0.0610239514499568
1485,19,45,1,0.0367140693059694,0.00192134531280454
1486,19,46,4,0.0639097634143893,0.0639097634143893
1487,19,47,2,0.0155436197443498,0.00107309642035317
1488,19,48,1,0.0229035070200649,0.000740319025930086
1489,19,49,3,0.06658487228977,0.0297407232337516
1490,19,50,1,0.0343510862360755,0.000170014497927367
1491,19,51,4,0.0252861791092469,0.0252861791092469
1492,19,52,5,0.0664380561190366,0.0664380561190366
1493,19,53,3,0.0539985125864788,0.0289414025369088
1494,19,54,2,0.0448051171572065,0.0242323092751347
1495,19,55,3,0.0659139674250843,0.0659139674250843
1496,19,56,2,0.060564739683927,0.0185932672668444
1497,19,57,1,0.0317045220458206,0.000116254149687029
1498,19,58,1,0.0496511677241848,0.000667397460192991
1499,19,59,1,0.0482543375900681,0.000152583155348339
1500,19,60,2,0.0445141209407916,0.00394273192123407
1501,19,61,2,0.013729418810771,0.0011253780120401
1502,19,62,3,0.0206984982848309,0.00388309357266785
1503,19,63,4,0.0675237387114501,0.0675237387114501
1504,19,64,4,0.0568702218650927,0.0568702218650927
1505,19,65,3,0.030362514329669,0.030362514329669
1506,19,66,1,0.0473589366765391,1.5773222624474e-05
1507,19,67,1,0.0527558073433584,0.000271742672121295
1508,19,68,2,0.0349520161356551,0.000641053087228283
1509,19,69,3,0.0376177324433821,0.0183981802304411
1510,19,70,5,0.0719820237303368,0.0719820237303368
1511,19,71,3,0.0548989279162401,0.024921870751559
1512,19,72,4,0.0597248475363124,0.0597248475363124
1513,19,73,5,0.0227378235526274,0.0227378235526274
1514,19,74,4,0.0449816080609182,0.0449816080609182
1515,19,75,4,0.0344525633124591,0.0344525633124591
1516,19,76,4,0.0707308892061127,0.0707308892061127
1517,19,77,1,0.0859769060929387,0.000175535444943892
1518,19,78,2,0.0481544677473709,0.0149876935437776
1519,19,79,5,0.0598036677601303,0.0598036677601303
1520,19,80,5,0.0725610054036828,0.0725610054036828
1521,20,1,4,0.0620160233455072,0.0620160233455072
1522,20,2,2,0.0640840950070401,0.0268290102091983
1523,20,3,5,0.0392589457267275,0.0392589457267275
1524,20,4,4,0.0351249990199052,0.0159560456279136
1525,20,5,3,0.035424133979561,0.0312769766073248
1526,20,6,4,0.0529416371354677,0.0173762975090017
1527,20,7,3,0.0584000834506879,0.0584000834506879
1528,20,8,2,0.0475704708939356,0.00862714576793082
1529,20,9,4,0.0667934272927638,0.0667934272927638
1530,20,10,4,0.0189171104815102,0.00758334100189553
1531,20,11,3,0.0379284387962328,0.00610539825090494
1532,20,12,1,0.0591298901635135,0.00186768679921943
1533,20,13,2,0.0446274412219814,0.0200160419219509
1534,20,14,5,0.0367788122185292,0.0367788122185292
1535,20,15,4,0.0539645903708114,0.0539645903708114
1536,20,16,2,0.0512517759622515,0.03245772914186
1537,20,17,3,0.0595155298775224,0.0319877231851499
1538,20,18,1,0.0313114741939554,0.000348395978055368
1539,20,19,5,0.027872078337168,0.027872078337168
1540,20,20,3,0.0198918766917413,0.0044728066570645
1541,20,21,3,0.0610711320191299,0.0610711320191299
1542,20,22,2,0.0535768361239485,0.0191190000684121
1543,20,23,1,0.0155710669007377,0.00019443541399895
1544,20,24,4,0.0437610831046826,0.0269898074118927
1545,20,25,1,0.0655296921049149,9.40648511080847e-06
1546,20,26,5,0.0593571991514356,0.0593571991514356
1547,20,27,5,0.04744560022463,0.04744560022463
1548,20,28,2,0.0294796206939181,0.0249216070117491
1549,20,29,3,0.110709647675366,0.110709647675366
1550,20,30,2,0.0345301871258712,0.00312677992773749
1551,20,31,1,0.0409655239551286,0.00169129666103864
1552,20,32,5,0.043353642433593,0.043353642433593
1553,20,33,1,0.0296496485931175,0.000610003586962755
1555,20,35,3,0.0272958019474555,0.0121619700310108
1556,20,36,4,0.0503544930619902,0.0503544930619902
1557,20,37,2,0.0477907671948871,0.00488952074989875
1558,20,38,5,0.0304589951217814,0.0304589951217814
1559,20,39,1,0.0255567318865165,8.26608560385182e-06
1560,20,40,1,0.0237471171584049,1.346933188972e-05
1561,20,41,4,0.0226096071885858,0.0226096071885858
1562,20,42,1,0.0424772725453502,0.000838559758558823
1563,20,43,5,0.0573512493186567,0.0573512493186567
1564,20,44,5,0.025811734654982,0.025811734654982
1565,20,45,5,0.0491222067589528,0.0491222067589528
1566,20,46,4,0.0498440695801686,0.0498440695801686
1567,20,47,3,0.0643806915532909,0.0400142029002464
1568,20,48,2,0.0341957409536753,0.0275264311643629
1569,20,49,5,0.0433820878172865,0.0433820878172865
1570,20,50,2,0.0475555242299061,0.0004211061041793
1571,20,51,3,0.0578563774611626,0.0274409268591745
1572,20,52,2,0.0391966501789763,0.00150230360191711
1573,20,53,3,0.0373085022188708,0.00974909336009273
1574,20,54,1,0.0374959898398503,7.7897005266317e-05
1575,20,55,4,0.0484659982479449,0.0484659982479449
1576,20,56,4,0.0368853687100959,0.0368853687100959
1577,20,57,3,0.0200805462557284,0.00536235686419581
1578,20,58,2,0.0337253592817301,0.000874603325692965
1579,20,59,2,0.0333682267854658,0.00132168929880018
1580,20,60,5,0.0387235905715168,0.0387235905715168
1581,20,61,1,0.0591472512820718,7.94723616991323e-06
1582,20,62,2,0.019428675341411,0.00289632616512146
1583,20,63,3,0.0503701370575923,0.0503701370575923
1584,20,64,4,0.0415585216303946,0.0415585216303946
1585,20,65,4,0.06142682128973,0.06142682128973
1586,20,66,3,0.0571019534053591,0.0465181253848673
1587,20,67,4,0.0689913716284296,0.0689913716284296
1588,20,68,1,0.0322623166733948,4.34700021878902e-05
1589,20,69,5,0.0256838827674897,0.0256838827674897
1590,20,70,1,0.0414856939106999,0.000988387481402735
1591,20,71,5,0.0390293892696885,0.0390293892696885
1592,20,72,1,0.0658666392014724,0.000113304304304602
1593,20,73,2,0.0641897304269734,0.0144320890725924
1594,20,74,4,0.0514599077053463,0.0514599077053463
1595,20,75,2,0.0295298291627199,0.0233419876894671
1596,20,76,1,0.0335441376834771,0.0018404879177591
1597,20,77,3,0.0559807849203042,0.0313337977002711
1598,20,78,5,0.0305504809882228,0.0305504809882228
1599,20,79,1,0.0234283153846705,0.000199531983830166
1600,20,80,5,0.0279380148582142,0.0279380148582142
1601,21,1,5,0.0376994490702579,0.0376994490702579
1602,21,2,5,0.0458536327727713,0.0458536327727713
1603,21,3,5,0.0451419130970331,0.0451419130970331
1604,21,4,3,0.0285196553251975,0.00920050478984049
1605,21,5,5,0.040015207492488,0.040015207492488
1606,21,6,1,0.0428698088623637,0.000118394523306817
1607,21,7,1,0.0352294364630116,0.000959164937390142
1608,21,8,4,0.0590969876373938,0.0590969876373938
1609,21,9,2,0.0322368909293643,0.00162714827211105
1610,21,10,2,0.0131738250808643,0.0101152955644836
1611,21,11,2,0.0530314974943391,0.000840428664066648
1612,21,12,4,0.0494053316040845,0.0494053316040845
1613,21,13,3,0.0214683572817257,0.0108154714185275
1614,21,14,3,0.0763189280153408,0.0289706976739197
1615,21,15,2,0.0402359225670403,0.00271152045222311
1616,21,16,4,0.0332692235397574,0.0332692235397574
1617,21,17,5,0.025985776358946,0.025985776358946
1618,21,18,4,0.0531957942101299,0.0531957942101299
1619,21,19,2,0.0663904776116014,0.0270635362186004
1620,21,20,5,0.073087420627453,0.073087420627453
1621,21,21,4,0.0666193111793771,0.0666193111793771
1622,21,22,1,0.044471031265578,0.000526925061925232
1623,21,23,2,0.0432115866637758,0.00315496693446854
1624,21,24,4,0.0853767195322371,0.0853767195322371
1625,21,25,1,0.0351941586286543,0.00024932377907173
1626,21,26,3,0.0497711533272299,0.0204819972281603
1627,21,27,5,0.0650967555709846,0.0650967555709846
1628,21,28,4,0.0281086633212806,0.00914704163423103
1629,21,29,4,0.0385094920591341,0.0385094920591341
1630,21,30,2,0.0677247616095045,0.0484209757355058
1631,21,31,4,0.0608390643183959,0.0608390643183959
1632,21,32,4,0.0461161717592864,0.0461161717592864
1633,21,33,1,0.00819282795055586,0.000172062004624221
1634,21,34,5,0.0212907892598441,0.0212907892598441
1635,21,35,5,0.0375160845056082,0.0375160845056082
1636,21,36,5,0.0303470711143857,0.0303470711143857
1637,21,37,3,0.0396632296498304,0.0396632296498304
1638,21,38,1,0.0526561531431452,0.0010537579003637
1639,21,39,3,0.0419363895761147,0.0239312095290511
1640,21,40,1,0.0198289716889483,0.00086118995128046
1641,21,41,4,0.0594116688258444,0.0594116688258444
1642,21,42,1,0.0751496389312257,0.00783489362324018
1643,21,43,4,0.0347169533267511,0.0347169533267511
1644,21,44,1,0.0754676010937978,0.00444381155963648
1645,21,45,3,0.0579441277859068,0.0344889571052942
1646,21,46,4,0.0350898947089234,0.0350898947089234
1647,21,47,4,0.0357305278720055,0.0357305278720055
1648,21,48,2,0.062876278283258,0.0338720149520843
1649,21,49,2,0.0706710060684585,0.0295373069185476
1650,21,50,1,0.028785272945603,1.71060217894595e-05
1651,21,51,5,0.0483315543014172,0.0483315543014172
1652,21,52,3,0.0592974658735973,0.0276659549634201
1653,21,53,4,0.0385941792376669,0.0385941792376669
1654,21,54,1,0.0366939889159093,6.18231407907764e-06
1655,21,55,2,0.0551734327797461,0.0162303815683701
1656,21,56,5,0.020144669925561,0.020144669925561
1657,21,57,2,0.0578678112656716,0.00398317705814092
1658,21,58,2,0.0348562859766162,0.0018054427414246
1659,21,59,5,0.011210801294447,0.011210801294447
1660,21,60,5,0.0249753249802013,0.0249753249802013
1661,21,61,2,0.0623384391682635,0.0138889450348764
1662,21,62,3,0.0839590034527424,0.054830771896747
1663,21,63,5,0.0401091693953841,0.0401091693953841
1664,21,64,3,0.0319717581583436,0.0115000793067475
1665,21,65,1,0.0439868171177436,0.000929808543345656
1666,21,66,3,0.045799947924423,0.045799947924423
1667,21,67,1,0.0256588184957481,5.32318221284156e-05
1668,21,68,1,0.0689696098633332,0.00184482136803534
1669,21,69,2,0.0485551054830036,0.0111440518069912
1670,21,70,3,0.0683118655767142,0.0310380916086462
1671,21,71,5,0.0352821156193071,0.0352821156193071
1672,21,72,2,0.056307479895967,0.0157439780893928
1673,21,73,3,0.0427708233636479,0.0240993324759672
1674,21,74,4,0.0466888870770913,0.0466888870770913
1675,21,75,2,0.0388127419158208,0.0148547167349257
1676,21,76,3,0.0280390243010126,0.0254042322367044
1677,21,77,3,0.0511462300410799,0.0319975167917896
1678,21,78,1,0.0131590512554635,0.000147153666685011
1679,21,79,1,0.0305620881982455,5.40408407890548e-05
1680,21,80,3,0.0528035724669954,0.0528035724669954
1681,22,1,3,0.0671419554898814,0.0472172315446823
1682,22,2,1,0.0785081548223047,0.00155551535043315
1683,22,3,2,0.0446663148265122,0.0143641451727087
1684,22,4,4,0.0543563581133161,0.0543563581133161
1685,22,5,2,0.0438906978860112,0.0107368466096766
1686,22,6,3,0.0556060018543968,0.0556060018543968
1687,22,7,3,0.0835435405484588,0.0835435405484588
1688,22,8,5,0.0796579139613956,0.0796579139613956
1689,22,9,5,0.0956066101594359,0.0956066101594359
1690,22,10,2,0.0739980185196945,0.0122700415650985
1691,22,11,5,0.0374875740536533,0.0374875740536533
1692,22,12,1,0.0399086904390914,3.19310989986024e-05
1693,22,13,4,0.0314175861746226,0.0314175861746226
1694,22,14,1,0.0284227006375045,0.00105696084389686
1695,22,15,1,0.0576482289564936,0.000691811810296227
1696,22,16,4,0.03980793931258,0.03980793931258
1697,22,17,5,0.0275678468963745,0.0275678468963745
1698,22,18,2,0.0339670949850374,0.0117016501797659
1699,22,19,4,0.0609154470303105,0.0609154470303105
1700,22,20,5,0.0343535933095297,0.0343535933095297
1701,22,21,3,0.0496494168785633,0.0496494168785633
1702,22,22,5,0.052729484095026,0.052729484095026
1703,22,23,4,0.06593065120145,0.06593065120145
1704,22,24,1,0.0485712365903484,0.000147189499211856
1705,22,25,2,0.0640767346545247,0.0240426191171485
1706,22,26,2,0.0485953538205076,0.00675910480708411
1707,22,27,2,0.0448955665177398,0.000400127316703912
1708,22,28,3,0.0734894631314849,0.0734894631314849
1709,22,29,1,0.0680589667623095,1.16328755855202e-05
1710,22,30,2,0.0535686419798158,0.00612294379612741
1711,22,31,5,0.0452428716178929,0.0452428716178929
1712,22,32,4,0.0253764567772055,0.0253764567772055
1713,22,33,2,0.0528502256264327,0.00884784715293681
1714,22,34,4,0.0437052285537092,0.0437052285537092
1715,22,35,3,0.0561842991094747,0.0343117859978523
1716,22,36,5,0.0364867079205328,0.0364867079205328
1717,22,37,3,0.0220226565524186,0.0147384835023774
1718,22,38,3,0.030630172386594,0.0114951977015551
1719,22,39,3,0.0304193599926979,0.0114370013789325
1720,22,40,1,0.0320909390337888,0.000100610933140563
1721,22,41,4,0.0713931396779599,0.0713931396779599
1722,22,42,2,0.0603438434678961,0.0134109644346223
1723,22,43,4,0.0532959222678933,0.0532959222678933
1724,22,44,1,0.0152383602427712,0.000216462032914543
1725,22,45,2,0.0573567413987743,0.0181152576378882
1726,22,46,4,0.0503236459754124,0.0503236459754124
1727,22,47,5,0.0434768628518711,0.0434768628518711
1728,22,48,1,0.0258513545876882,0.000734682049742136
1729,22,49,4,0.0550837978303067,0.0550837978303067
1730,22,50,2,0.0349582798951128,0.00129698233079282
1731,22,51,5,0.0380178340311445,0.0380178340311445
1732,22,52,4,0.0600381164925899,0.0600381164925899
1733,22,53,1,0.0344606016330207,0.00125659823498175
1734,22,54,1,0.0375067018092792,0.000303124291866726
1735,22,55,4,0.042570478287187,0.0142652856983961
1736,22,56,5,0.0648924912120014,0.0648924912120014
1737,22,57,5,0.0635511315081449,0.0635511315081449
1738,22,58,2,0.048776683329987,0.0212512772855662
1739,22,59,3,0.0282992689559278,0.0171058830724879
1740,22,60,4,0.0498012196227837,0.0498012196227837
1741,22,61,3,0.0840071725260598,0.0840071725260598
1742,22,62,1,0.0324571905684929,0.00159179112579506
1743,22,63,3,0.0561990438216911,0.0313036082353521
1744,22,64,3,0.0536462181942321,0.0536462181942321
1745,22,65,3,0.0573311141408971,0.0297990956495144
1746,22,66,5,0.0711048981017943,0.0711048981017943
1747,22,67,3,0.0753235269110814,0.0753235269110814
1748,22,68,5,0.0282852011968137,0.0282852011968137
1749,22,69,2,0.0498046336640516,0.00996825129872508
1750,22,70,3,0.0589293933265948,0.0270214004189397
1751,22,71,1,0.0386048159769832,0.00147994966170911
1752,22,72,5,0.0492836492246917,0.0492836492246917
1753,22,73,2,0.0399091276740119,0.0299942551663691
1754,22,74,4,0.0574260417077953,0.0574260417077953
1755,22,75,4,0.0427353280470572,0.0427353280470572
1756,22,76,2,0.0396726259988375,0.00281078781412938
1757,22,77,1,0.0381447904355691,5.90321159088521e-05
1758,22,78,1,0.0492385133669146,0.000263378701132918
1759,22,79,1,0.0525127868543746,0.000108455734118101
1760,22,80,5,0.0264767889031519,0.0264767889031519
1761,23,1,4,0.0342342295807557,0.0342342295807557
1762,23,2,3,0.0340243765332216,0.023813848070091
1763,23,3,1,0.0426045809213385,0.00024759252479584
1764,23,4,1,0.05490194352155,1.21422487002239e-05
1765,23,5,2,0.091981384367505,0.067089293773407
1766,23,6,2,0.0265979139371161,0.000646358748319341
1767,23,7,5,0.0541516609862418,0.0541516609862418
1768,23,8,4,0.0279845942017616,0.0279845942017616
1769,23,9,3,0.0452730976596078,0.0249520320691794
1770,23,10,4,0.0700113976272141,0.0700113976272141
1771,23,11,3,0.0312452520182904,0.00473343014623627
1772,23,12,2,0.0294974264204578,0.00306261546473168
1773,23,13,3,0.0710679726113156,0.0299585666225465
1774,23,14,5,0.059499913190772,0.059499913190772
1775,23,15,2,0.0240953856519314,0.00124418314992856
1776,23,16,4,0.0764460868590414,0.0764460868590414
1777,23,17,5,0.0472592067254178,0.0472592067254178
1778,23,18,2,0.0376824564968377,0.000765913953611265
1779,23,19,5,0.055168527201405,0.055168527201405
1780,23,20,5,0.0427657792035998,0.0427657792035998
1781,23,21,2,0.0268966316589661,0.00538803269691813
1782,23,22,2,0.0359629215896235,0.00827807533428336
1783,23,23,5,0.035760209157184,0.035760209157184
1784,23,24,1,0.0525419283717649,8.63325280180935e-06
1785,23,25,5,0.0232582547834854,0.0232582547834854
1786,23,26,1,0.0715807380229868,0.000927139763974231
1787,23,27,3,0.0678076852788482,0.0678076852788482
1788,23,28,4,0.0652494321042883,0.0652494321042883
1789,23,29,3,0.0397565776475021,0.0352817577572494
1790,23,30,5,0.0547902418801364,0.0547902418801364
1791,23,31,1,0.0409959035333985,0.000171968749885714
1792,23,32,3,0.0496542526298414,0.00359653384778021
1793,23,33,1,0.021563901273553,0.000147305143100036
1794,23,34,1,0.0245512173020923,0.000142039410466332
1795,23,35,5,0.0412607878628592,0.0412607878628592
1796,23,36,4,0.0402483827538792,0.0402483827538792
1797,23,37,2,0.0404906852684488,0.024661910297203
1798,23,38,3,0.0361660389094921,0.0175648614447272
1799,23,39,4,0.0412481253594897,0.0412481253594897
1800,23,40,5,0.0376835281964467,0.0376835281964467
1801,23,41,4,0.0679190993242943,0.0679190993242943
1802,23,42,5,0.0534402460705415,0.0534402460705415
1803,23,43,3,0.0564931647272522,0.0265075187029523
1804,23,44,5,0.0468581069762976,0.0468581069762976
1805,23,45,2,0.0336689555494714,0.000207653184291541
1806,23,46,4,0.0855902062805124,0.0855902062805124
1807,23,47,2,0.0437317560686213,0.000568437823256641
1808,23,48,2,0.0554560434474164,0.0286083207253474
1809,23,49,1,0.0426333245381881,0.000497746013117778
1810,23,50,4,0.0508944621658515,0.0508944621658515
1811,23,51,1,0.035339137418217,0.000217404206195529
1812,23,52,1,0.0218931740746321,0.000164282257299801
1813,23,53,4,0.0664330891829774,0.0664330891829774
1814,23,54,1,0.0196955655273014,1.46076584437516e-05
1815,23,55,3,0.0771344012237376,0.0569398367285937
1816,23,56,3,0.0578016408932705,0.0323345042557126
1817,23,57,2,0.0800732244747216,0.0306321245957105
1818,23,58,3,0.069629474961822,0.0448367259886889
1819,23,59,5,0.0303687305814933,0.0303687305814933
1820,23,60,3,0.0436577362104107,0.0204117866306102
1821,23,61,4,0.0486038750816733,0.0486038750816733
1822,23,62,4,0.0709713866049667,0.0709713866049667
1823,23,63,2,0.0580925266212521,0.000763964835797983
1824,23,64,1,0.0249213169122746,0.000326112960652665
1825,23,65,5,0.0744496945973397,0.0744496945973397
1826,23,66,5,0.0653246009353055,0.0653246009353055
1827,23,67,1,0.0442067936377502,9.89855445824287e-06
1828,23,68,1,0.0424383162469532,0.000153535795406438
1829,23,69,3,0.0328959110240088,0.0328959110240088
1830,23,70,2,0.041847675743949,0.0124954913507518
1831,23,71,1,0.0739709078202708,6.72269626602625e-05
1832,23,72,4,0.00613079222573202,0.00613079222573202
1833,23,73,2,0.0592157463435274,0.013940384700903
1834,23,74,1,0.0390018671499596,9.39488571996592e-05
1835,23,75,4,0.03970759103651,0.03970759103651
1836,23,76,5,0.0432395149490809,0.0432395149490809
1837,23,77,3,0.0614022542131181,0.0339093554528665
1838,23,78,2,0.055442088403306,0.0123931690572818
1839,23,79,4,0.0443257023106807,0.0210891655096268
1840,23,80,3,0.0328577802419372,0.00354379795109518
1841,24,1,1,0.0584643709601996,0.000256061511011722
1842,24,2,3,0.0603048606043015,0.0374565531018789
1843,24,3,2,0.0461195828514639,0.0178103541639696
1844,24,4,1,0.0396196530626989,0.000157313580949146
1845,24,5,3,0.0362105430438137,0.00674587800829102
1846,24,6,3,0.106631926497884,0.0257274426422203
1847,24,7,2,0.0421371493310603,0.00396158730977974
1848,24,8,3,0.0468485542715188,0.0468485542715188
1849,24,9,3,0.0958572627644571,0.0958572627644571
1850,24,10,5,0.0290961820512495,0.0290961820512495
1851,24,11,3,0.0785085089934541,0.0423780978598147
1852,24,12,2,0.0376153672876499,0.00446294117742632
1853,24,13,1,0.0380743771163939,7.64319173593953e-05
1854,24,14,1,0.0257523382185179,0.000139953445922318
1855,24,15,4,0.0635244468019745,0.0635244468019745
1856,24,16,5,0.0486623295637581,0.0486623295637581
1857,24,17,3,0.0442608183078179,0.0244640744570601
1858,24,18,4,0.0762461453863132,0.0762461453863132
1859,24,19,4,0.0641501821743247,0.0641501821743247
1860,24,20,3,0.0768695183294304,0.0309369130397827
1861,24,21,1,0.0527618316064518,1.58340261266641e-05
1862,24,22,5,0.0457132467739714,0.0457132467739714
1863,24,23,4,0.0358911389712262,0.0358911389712262
1864,24,24,1,0.0498576378833089,0.00219932658544784
1865,24,25,5,0.0502227548623465,0.0502227548623465
1866,24,26,2,0.051729406302845,0.00864125233396253
1867,24,27,1,0.0427239472055628,1.53386912933132e-05
1868,24,28,4,0.0527518898756775,0.0527518898756775
1869,24,29,1,0.0260579556624497,0.000103923250236715
1870,24,30,4,0.0476340279652806,0.0476340279652806
1871,24,31,5,0.0238892634544419,0.0238892634544419
1872,24,32,5,0.049009104637856,0.049009104637856
1873,24,33,3,0.0474808072154284,0.0474808072154284
1874,24,34,5,0.0503659487691796,0.0503659487691796
1875,24,35,5,0.0785835830376925,0.0785835830376925
1876,24,36,1,0.0231880953851337,0.000218449810029975
1877,24,37,4,0.0753207629586551,0.0753207629586551
1878,24,38,1,0.0207309838274379,0.000352462021314256
1879,24,39,5,0.027294612588228,0.027294612588228
1880,24,40,1,0.0558641582027858,9.15008950854797e-05
1881,24,41,1,0.0403954227759085,0.00158637809742233
1882,24,42,2,0.0663847201552844,0.0208329479186213
1883,24,43,2,0.0351761371946465,0.018520722737001
1884,24,44,3,0.0310981237197163,0.0180501021549929
1885,24,45,5,0.0454528416416791,0.0454528416416791
1886,24,46,4,0.0598236333411451,0.0598236333411451
1887,24,47,2,0.0222851657786796,0.00311329268837186
1888,24,48,3,0.0642012219129156,0.0642012219129156
1889,24,49,3,0.0652515870460879,0.0444003444551629
1890,24,50,1,0.0338193970211654,0.000157773040190385
1891,24,51,5,0.0641183146162486,0.0641183146162486
1892,24,52,2,0.01999933024888,0.000424273649428588
1893,24,53,4,0.0631091447598126,0.0631091447598126
1894,24,54,5,0.0797585306685464,0.0797585306685464
1895,24,55,2,0.0716199093187,0.0332104450727129
1896,24,56,1,0.048506865482165,0.000802022414512609
1897,24,57,4,0.058131694626862,0.058131694626862
1898,24,58,2,0.0529565542761314,0.0383260951031825
1899,24,59,3,0.0167373798588128,0.00140226795760769
1900,24,60,5,0.0254854090798078,0.0254854090798078
1901,24,61,1,0.0273977359660592,0.000935765095480817
1902,24,62,2,0.0651495377554184,0.0245487219868199
1903,24,63,2,0.0368485925353187,0.0161028055331942
1904,24,64,5,0.0174937020062557,0.0174937020062557
1905,24,65,2,0.0666540013060105,0.00285311195014586
1906,24,66,4,0.0658549597944428,0.0658549597944428
1907,24,67,4,0.0275086563563219,0.0275086563563219
1908,24,68,4,0.0503314972062498,0.0503314972062498
1909,24,69,5,0.0559588579476903,0.0559588579476903
1910,24,70,4,0.0516030859103404,0.0516030859103404
1911,24,71,3,0.0472048046026414,0.0169649154656923
1912,24,72,2,0.0133519146600194,0.00508668588483393
1913,24,73,4,0.0543150800384943,0.0543150800384943
1914,24,74,3,0.044031648240176,0.044031648240176
1915,24,75,3,0.0473989659028733,0.0271113424295623
1916,24,76,2,0.0430688825592948,0.0111502387454106
1917,24,77,4,0.0427092128307337,0.00845891624312181
1918,24,78,1,0.0701409360938194,0.00089302662990956
1919,24,79,2,0.0114160212390673,0.0034239764753556
1920,24,80,5,0.0275290349006397,0.0275290349006397
1921,25,1,2,0.0630115027438732,0.0184982102972268
1922,25,2,5,0.0567517612268228,0.0567517612268228
1923,25,3,4,0.0411583446699605,0.0411583446699605
1924,25,4,5,0.0500864862047794,0.0500864862047794
1925,25,5,1,0.041633036088333,0.000124910385777532
1926,25,6,5,0.0202984914262784,0.0202984914262784
1927,25,7,4,0.101664211543847,0.101664211543847
1928,25,8,3,0.0607993267278426,0.0399416056118509
1929,25,9,1,0.0214282614725034,6.38689348924144e-06
1930,25,10,4,0.0404706441254287,0.0404706441254287
1931,25,11,1,0.053375972164168,0.00136587720262074
1932,25,12,5,0.0381642510409965,0.0381642510409965
1933,25,13,4,0.036451158592392,0.00894748840034937
1934,25,14,1,0.0299763708409909,0.0002736100028982
1935,25,15,4,0.0619971921030787,0.0490040276845421
1936,25,16,2,0.0465189107406974,0.0285152082220512
1937,25,17,2,0.0537543417950204,0.0138560294787109
1938,25,18,3,0.0727872821829075,0.0317121043857634
1939,25,19,3,0.0576911905630905,0.0576911905630905
1940,25,20,3,0.0469402315120592,0.0219298100467186
1941,25,21,1,0.0393443886403946,8.60738579638706e-06
1942,25,22,3,0.0323707397131936,0.0172560875127187
1943,25,23,2,0.0624429889246532,0.00908503820054546
1944,25,24,5,0.0926772228712663,0.0926772228712663
1945,25,25,3,0.057780916337113,0.057780916337113
1946,25,26,1,0.0423223461142988,0.00194497774115555
1947,25,27,2,0.0533618771047714,0.00421670349313277
1948,25,28,1,0.0210961313394664,0.00103499141810004
1949,25,29,4,0.0697052194591759,0.0697052194591759
1950,25,30,5,0.0312190755604176,0.0312190755604176
1951,25,31,4,0.0457062402720298,0.0277512939714103
1952,25,32,2,0.0367421362477616,0.00399267474796244
1953,25,33,2,0.0704671823098809,0.0279027157569836
1954,25,34,5,0.0266526560983616,0.0266526560983616
1955,25,35,3,0.0234201212982647,0.0129832833326893
1956,25,36,1,0.0407911267707036,0.00151124212627572
1957,25,37,4,0.0644675729248922,0.0644675729248922
1958,25,38,4,0.0444063288014134,0.0444063288014134
1959,25,39,3,0.039866290927094,0.0253991474186478
1960,25,40,1,0.0408727226050266,2.35529831954744e-05
1961,25,41,3,0.0451953232937452,0.020686917956123
1962,25,42,4,0.0568341418211854,0.0568341418211854
1963,25,43,1,0.0364007230240215,0.000122216965703182
1964,25,44,4,0.0620919917046224,0.0620919917046224
1965,25,45,1,0.0344036760013936,9.63391589874063e-05
1966,25,46,2,0.0560670363202785,0.00182413079503838
1967,25,47,2,0.0465504671179425,0.00153257659349888
1968,25,48,2,0.0476802460426896,0.017150451282831
1969,25,49,5,0.0686124146725411,0.0686124146725411
1970,25,50,1,0.0234949053952587,7.41087572002179e-05
1971,25,51,3,0.0629603380629744,0.0629603380629744
1972,25,52,2,0.0760737500130747,0.0375089017248676
1973,25,53,5,0.0494520923094526,0.0494520923094526
1974,25,54,5,0.0288581997777769,0.0288581997777769
1975,25,55,5,0.0584403078194208,0.0584403078194208
1976,25,56,3,0.0448312497462971,0.0448312497462971
1977,25,57,1,0.011628969770024,0.00162967373958499
1978,25,58,2,0.0490738736218068,0.0136206799071295
1979,25,59,5,0.0564862031531712,0.0564862031531712
1980,25,60,5,0.0151070443127718,0.0151070443127718
1981,25,61,4,0.0521098108497843,0.0521098108497843
1982,25,62,2,0.0662508205407179,0.00362872044030498
1983,25,63,4,0.0405849207667136,0.0405849207667136
1984,25,64,2,0.0733517467717203,0.0154849800171816
1985,25,65,5,0.0775132904760752,0.0775132904760752
1986,25,66,3,0.0324514294717409,0.00811137350442353
1987,25,67,4,0.0364140621021554,0.0364140621021554
1988,25,68,3,0.0533465486055367,0.031873566259738
1989,25,69,1,0.0544382612745992,1.56107233640574e-05
1990,25,70,4,0.0744794816478044,0.0744794816478044
1991,25,71,5,0.0196210259530293,0.0196210259530293
1992,25,72,3,0.0208961629137715,0.00787179090743301
1993,25,73,3,0.0641055293855252,0.0641055293855252
1994,25,74,5,0.0488066030467526,0.0488066030467526
1995,25,75,2,0.0602355669072787,0.0356126773856899
1996,25,76,2,0.0446719360310849,0.0166359943494464
1997,25,77,1,0.0152602314785177,8.76515040874896e-05
1998,25,78,3,0.0266648029107648,0.00513873077641623
2000,25,80,4,0.0574898788972869,0.0574898788972869
